activity_id,date,elapsed_seconds,heart_rate
23481217090,2026-07-04,1783192948000.0,87
23481217090,2026-07-04,1783192949000.0,86
23481217090,2026-07-04,1783192952000.0,90
23481217090,2026-07-04,1783192953000.0,92
23481217090,2026-07-04,1783192954000.0,94
23481217090,2026-07-04,1783192956000.0,94
23481217090,2026-07-04,1783192960000.0,95
23481217090,2026-07-04,1783192964000.0,98
23481217090,2026-07-04,1783192968000.0,106
23481217090,2026-07-04,1783192972000.0,112
23481217090,2026-07-04,1783192976000.0,117
23481217090,2026-07-04,1783192980000.0,118
23481217090,2026-07-04,1783192984000.0,117
23481217090,2026-07-04,1783192988000.0,116
23481217090,2026-07-04,1783192992000.0,119
23481217090,2026-07-04,1783192996000.0,121
23481217090,2026-07-04,1783193000000.0,120
23481217090,2026-07-04,1783193004000.0,121
23481217090,2026-07-04,1783193008000.0,123
23481217090,2026-07-04,1783193012000.0,126
23481217090,2026-07-04,1783193016000.0,128
23481217090,2026-07-04,1783193020000.0,128
23481217090,2026-07-04,1783193024000.0,128
23481217090,2026-07-04,1783193028000.0,128
23481217090,2026-07-04,1783193032000.0,128
23481217090,2026-07-04,1783193036000.0,127
23481217090,2026-07-04,1783193040000.0,128
23481217090,2026-07-04,1783193044000.0,128
23481217090,2026-07-04,1783193048000.0,129
23481217090,2026-07-04,1783193052000.0,130
23481217090,2026-07-04,1783193056000.0,131
23481217090,2026-07-04,1783193058000.0,131
23481217090,2026-07-04,1783193060000.0,132
23481217090,2026-07-04,1783193064000.0,134
23481217090,2026-07-04,1783193068000.0,134
23481217090,2026-07-04,1783193072000.0,135
23481217090,2026-07-04,1783193076000.0,135
23481217090,2026-07-04,1783193080000.0,134
23481217090,2026-07-04,1783193084000.0,133
23481217090,2026-07-04,1783193088000.0,133
23481217090,2026-07-04,1783193092000.0,133
23481217090,2026-07-04,1783193096000.0,133
23481217090,2026-07-04,1783193100000.0,134
23481217090,2026-07-04,1783193104000.0,133
23481217090,2026-07-04,1783193108000.0,133
23481217090,2026-07-04,1783193112000.0,133
23481217090,2026-07-04,1783193116000.0,132
23481217090,2026-07-04,1783193120000.0,131
23481217090,2026-07-04,1783193124000.0,130
23481217090,2026-07-04,1783193128000.0,130
23481217090,2026-07-04,1783193132000.0,131
23481217090,2026-07-04,1783193136000.0,130
23481217090,2026-07-04,1783193140000.0,131
23481217090,2026-07-04,1783193144000.0,131
23481217090,2026-07-04,1783193148000.0,131
23481217090,2026-07-04,1783193152000.0,133
23481217090,2026-07-04,1783193156000.0,132
23481217090,2026-07-04,1783193160000.0,132
23481217090,2026-07-04,1783193164000.0,133
23481217090,2026-07-04,1783193168000.0,132
23481217090,2026-07-04,1783193172000.0,133
23481217090,2026-07-04,1783193176000.0,132
23481217090,2026-07-04,1783193180000.0,134
23481217090,2026-07-04,1783193184000.0,134
23481217090,2026-07-04,1783193188000.0,132
23481217090,2026-07-04,1783193192000.0,130
23481217090,2026-07-04,1783193196000.0,128
23481217090,2026-07-04,1783193200000.0,126
23481217090,2026-07-04,1783193204000.0,126
23481217090,2026-07-04,1783193208000.0,124
23481217090,2026-07-04,1783193212000.0,123
23481217090,2026-07-04,1783193216000.0,124
23481217090,2026-07-04,1783193220000.0,124
23481217090,2026-07-04,1783193224000.0,125
23481217090,2026-07-04,1783193228000.0,125
23481217090,2026-07-04,1783193232000.0,127
23481217090,2026-07-04,1783193236000.0,128
23481217090,2026-07-04,1783193240000.0,128
23481217090,2026-07-04,1783193244000.0,127
23481217090,2026-07-04,1783193248000.0,126
23481217090,2026-07-04,1783193252000.0,128
23481217090,2026-07-04,1783193256000.0,129
23481217090,2026-07-04,1783193260000.0,128
23481217090,2026-07-04,1783193264000.0,128
23481217090,2026-07-04,1783193268000.0,129
23481217090,2026-07-04,1783193272000.0,129
23481217090,2026-07-04,1783193276000.0,128
23481217090,2026-07-04,1783193280000.0,128
23481217090,2026-07-04,1783193284000.0,128
23481217090,2026-07-04,1783193288000.0,128
23481217090,2026-07-04,1783193292000.0,128
23481217090,2026-07-04,1783193296000.0,128
23481217090,2026-07-04,1783193300000.0,128
23481217090,2026-07-04,1783193304000.0,128
23481217090,2026-07-04,1783193308000.0,128
23481217090,2026-07-04,1783193312000.0,129
23481217090,2026-07-04,1783193316000.0,130
23481217090,2026-07-04,1783193320000.0,130
23481217090,2026-07-04,1783193324000.0,131
23481217090,2026-07-04,1783193328000.0,131
23481217090,2026-07-04,1783193332000.0,131
23481217090,2026-07-04,1783193336000.0,133
23481217090,2026-07-04,1783193340000.0,133
23481217090,2026-07-04,1783193344000.0,133
23481217090,2026-07-04,1783193348000.0,132
23481217090,2026-07-04,1783193352000.0,131
23481217090,2026-07-04,1783193356000.0,132
23481217090,2026-07-04,1783193360000.0,130
23481217090,2026-07-04,1783193364000.0,128
23481217090,2026-07-04,1783193368000.0,128
23481217090,2026-07-04,1783193372000.0,129
23481217090,2026-07-04,1783193376000.0,131
23481217090,2026-07-04,1783193380000.0,133
23481217090,2026-07-04,1783193384000.0,133
23481217090,2026-07-04,1783193388000.0,133
23481217090,2026-07-04,1783193392000.0,133
23481217090,2026-07-04,1783193396000.0,133
23481217090,2026-07-04,1783193400000.0,133
23481217090,2026-07-04,1783193402000.0,133
23481217090,2026-07-04,1783193404000.0,133
23481217090,2026-07-04,1783193408000.0,134
23481217090,2026-07-04,1783193412000.0,133
23481217090,2026-07-04,1783193416000.0,133
23481217090,2026-07-04,1783193420000.0,133
23481217090,2026-07-04,1783193424000.0,133
23481217090,2026-07-04,1783193428000.0,133
23481217090,2026-07-04,1783193432000.0,132
23481217090,2026-07-04,1783193436000.0,131
23481217090,2026-07-04,1783193440000.0,131
23481217090,2026-07-04,1783193444000.0,131
23481217090,2026-07-04,1783193448000.0,129
23481217090,2026-07-04,1783193452000.0,129
23481217090,2026-07-04,1783193456000.0,130
23481217090,2026-07-04,1783193460000.0,130
23481217090,2026-07-04,1783193464000.0,130
23481217090,2026-07-04,1783193468000.0,130
23481217090,2026-07-04,1783193472000.0,130
23481217090,2026-07-04,1783193476000.0,131
23481217090,2026-07-04,1783193480000.0,131
23481217090,2026-07-04,1783193484000.0,130
23481217090,2026-07-04,1783193488000.0,128
23481217090,2026-07-04,1783193492000.0,128
23481217090,2026-07-04,1783193496000.0,130
23481217090,2026-07-04,1783193500000.0,131
23481217090,2026-07-04,1783193504000.0,132
23481217090,2026-07-04,1783193508000.0,131
23481217090,2026-07-04,1783193512000.0,130
23481217090,2026-07-04,1783193516000.0,130
23481217090,2026-07-04,1783193520000.0,130
23481217090,2026-07-04,1783193524000.0,130
23481217090,2026-07-04,1783193528000.0,130
23481217090,2026-07-04,1783193532000.0,130
23481217090,2026-07-04,1783193536000.0,130
23481217090,2026-07-04,1783193540000.0,130
23481217090,2026-07-04,1783193544000.0,130
23481217090,2026-07-04,1783193548000.0,135
23481217090,2026-07-04,1783193552000.0,136
23481217090,2026-07-04,1783193556000.0,135
23481217090,2026-07-04,1783193560000.0,137
23481217090,2026-07-04,1783193564000.0,137
23481217090,2026-07-04,1783193568000.0,136
23481217090,2026-07-04,1783193572000.0,137
23481217090,2026-07-04,1783193576000.0,138
23481217090,2026-07-04,1783193580000.0,138
23481217090,2026-07-04,1783193583000.0,138
23481217090,2026-07-04,1783193584000.0,139
23481217090,2026-07-04,1783193588000.0,140
23481217090,2026-07-04,1783193592000.0,140
23481217090,2026-07-04,1783193596000.0,140
23481217090,2026-07-04,1783193600000.0,139
23481217090,2026-07-04,1783193604000.0,138
23481217090,2026-07-04,1783193608000.0,136
23481217090,2026-07-04,1783193612000.0,134
23481217090,2026-07-04,1783193616000.0,134
23481217090,2026-07-04,1783193620000.0,134
23481217090,2026-07-04,1783193624000.0,135
23481217090,2026-07-04,1783193628000.0,136
23481217090,2026-07-04,1783193632000.0,137
23481217090,2026-07-04,1783193636000.0,138
23481217090,2026-07-04,1783193640000.0,140
23481217090,2026-07-04,1783193644000.0,142
23481217090,2026-07-04,1783193648000.0,143
23481217090,2026-07-04,1783193652000.0,144
23481217090,2026-07-04,1783193656000.0,144
23481217090,2026-07-04,1783193660000.0,144
23481217090,2026-07-04,1783193664000.0,144
23481217090,2026-07-04,1783193668000.0,144
23481217090,2026-07-04,1783193672000.0,144
23481217090,2026-07-04,1783193676000.0,145
23481217090,2026-07-04,1783193680000.0,144
23481217090,2026-07-04,1783193684000.0,142
23481217090,2026-07-04,1783193688000.0,140
23481217090,2026-07-04,1783193692000.0,139
23481217090,2026-07-04,1783193696000.0,140
23481217090,2026-07-04,1783193700000.0,141
23481217090,2026-07-04,1783193704000.0,139
23481217090,2026-07-04,1783193708000.0,139
23481217090,2026-07-04,1783193712000.0,137
23481217090,2026-07-04,1783193716000.0,135
23481217090,2026-07-04,1783193720000.0,135
23481217090,2026-07-04,1783193724000.0,136
23481217090,2026-07-04,1783193728000.0,136
23481217090,2026-07-04,1783193732000.0,137
23481217090,2026-07-04,1783193736000.0,138
23481217090,2026-07-04,1783193740000.0,140
23481217090,2026-07-04,1783193744000.0,140
23481217090,2026-07-04,1783193748000.0,140
23481217090,2026-07-04,1783193752000.0,140
23481217090,2026-07-04,1783193756000.0,139
23481217090,2026-07-04,1783193760000.0,139
23481217090,2026-07-04,1783193764000.0,138
23481217090,2026-07-04,1783193768000.0,140
23481217090,2026-07-04,1783193772000.0,142
23481217090,2026-07-04,1783193776000.0,143
23481217090,2026-07-04,1783193778000.0,144
23481217090,2026-07-04,1783193780000.0,144
23481217090,2026-07-04,1783193784000.0,143
23481217090,2026-07-04,1783193788000.0,141
23481217090,2026-07-04,1783193792000.0,140
23481217090,2026-07-04,1783193796000.0,140
23481217090,2026-07-04,1783193800000.0,139
23481217090,2026-07-04,1783193804000.0,139
23481217090,2026-07-04,1783193808000.0,138
23481217090,2026-07-04,1783193812000.0,139
23481217090,2026-07-04,1783193816000.0,139
23481217090,2026-07-04,1783193820000.0,138
23481217090,2026-07-04,1783193824000.0,138
23481217090,2026-07-04,1783193828000.0,137
23481217090,2026-07-04,1783193832000.0,137
23481217090,2026-07-04,1783193836000.0,137
23481217090,2026-07-04,1783193840000.0,137
23481217090,2026-07-04,1783193844000.0,136
23481217090,2026-07-04,1783193848000.0,137
23481217090,2026-07-04,1783193852000.0,138
23481217090,2026-07-04,1783193856000.0,139
23481217090,2026-07-04,1783193860000.0,137
23481217090,2026-07-04,1783193864000.0,137
23481217090,2026-07-04,1783193868000.0,139
23481217090,2026-07-04,1783193872000.0,139
23481217090,2026-07-04,1783193876000.0,137
23481217090,2026-07-04,1783193880000.0,138
23481217090,2026-07-04,1783193884000.0,138
23481217090,2026-07-04,1783193888000.0,139
23481217090,2026-07-04,1783193892000.0,141
23481217090,2026-07-04,1783193896000.0,141
23481217090,2026-07-04,1783193900000.0,140
23481217090,2026-07-04,1783193904000.0,138
23481217090,2026-07-04,1783193908000.0,138
23481217090,2026-07-04,1783193912000.0,137
23481217090,2026-07-04,1783193916000.0,137
23481217090,2026-07-04,1783193920000.0,136
23481217090,2026-07-04,1783193924000.0,136
23481217090,2026-07-04,1783193928000.0,134
23481217090,2026-07-04,1783193932000.0,132
23481217090,2026-07-04,1783193936000.0,133
23481217090,2026-07-04,1783193940000.0,133
23481217090,2026-07-04,1783193944000.0,134
23481217090,2026-07-04,1783193948000.0,135
23481217090,2026-07-04,1783193952000.0,137
23481217090,2026-07-04,1783193956000.0,139
23481217090,2026-07-04,1783193960000.0,140
23481217090,2026-07-04,1783193964000.0,142
23481217090,2026-07-04,1783193968000.0,141
23481217090,2026-07-04,1783193972000.0,140
23481217090,2026-07-04,1783193976000.0,139
23481217090,2026-07-04,1783193980000.0,135
23481217090,2026-07-04,1783193984000.0,136
23481217090,2026-07-04,1783193988000.0,137
23481217090,2026-07-04,1783193992000.0,137
23481217090,2026-07-04,1783193996000.0,136
23481217090,2026-07-04,1783194000000.0,137
23481217090,2026-07-04,1783194004000.0,137
23481217090,2026-07-04,1783194008000.0,139
23481217090,2026-07-04,1783194012000.0,138
23481217090,2026-07-04,1783194016000.0,138
23481217090,2026-07-04,1783194020000.0,138
23481217090,2026-07-04,1783194024000.0,138
23481217090,2026-07-04,1783194028000.0,138
23481217090,2026-07-04,1783194032000.0,139
23481217090,2026-07-04,1783194036000.0,141
23481217090,2026-07-04,1783194040000.0,141
23481217090,2026-07-04,1783194044000.0,141
23481217090,2026-07-04,1783194048000.0,140
23481217090,2026-07-04,1783194052000.0,139
23481217090,2026-07-04,1783194056000.0,139
23481217090,2026-07-04,1783194060000.0,139
23481217090,2026-07-04,1783194064000.0,139
23481217090,2026-07-04,1783194068000.0,140
23481217090,2026-07-04,1783194072000.0,141
23481217090,2026-07-04,1783194076000.0,141
23481217090,2026-07-04,1783194080000.0,142
23481217090,2026-07-04,1783194084000.0,143
23481217090,2026-07-04,1783194088000.0,144
23481217090,2026-07-04,1783194092000.0,146
23481217090,2026-07-04,1783194096000.0,148
23481217090,2026-07-04,1783194100000.0,149
23481217090,2026-07-04,1783194104000.0,147
23481217090,2026-07-04,1783194108000.0,146
23481217090,2026-07-04,1783194112000.0,148
23481217090,2026-07-04,1783194116000.0,149
23481217090,2026-07-04,1783194120000.0,151
23481217090,2026-07-04,1783194124000.0,150
23481217090,2026-07-04,1783194128000.0,150
23481217090,2026-07-04,1783194132000.0,149
23481217090,2026-07-04,1783194136000.0,146
23481217090,2026-07-04,1783194140000.0,144
23481217090,2026-07-04,1783194144000.0,142
23481217090,2026-07-04,1783194148000.0,140
23481217090,2026-07-04,1783194152000.0,137
23481217090,2026-07-04,1783194156000.0,136
23481217090,2026-07-04,1783194160000.0,136
23481217090,2026-07-04,1783194164000.0,137
23481217090,2026-07-04,1783194168000.0,138
23481217090,2026-07-04,1783194172000.0,138
23481217090,2026-07-04,1783194176000.0,138
23481217090,2026-07-04,1783194180000.0,135
23481217090,2026-07-04,1783194184000.0,135
23481217090,2026-07-04,1783194188000.0,138
23481217090,2026-07-04,1783194192000.0,139
23481217090,2026-07-04,1783194196000.0,138
23481217090,2026-07-04,1783194200000.0,138
23481217090,2026-07-04,1783194204000.0,138
23481217090,2026-07-04,1783194208000.0,141
23481217090,2026-07-04,1783194212000.0,139
23481217090,2026-07-04,1783194216000.0,139
23481217090,2026-07-04,1783194220000.0,139
23481217090,2026-07-04,1783194224000.0,140
23481217090,2026-07-04,1783194228000.0,141
23481217090,2026-07-04,1783194232000.0,141
23481217090,2026-07-04,1783194236000.0,141
23481217090,2026-07-04,1783194240000.0,140
23481217090,2026-07-04,1783194244000.0,140
23481217090,2026-07-04,1783194248000.0,139
23481217090,2026-07-04,1783194252000.0,138
23481217090,2026-07-04,1783194256000.0,138
23481217090,2026-07-04,1783194260000.0,138
23481217090,2026-07-04,1783194264000.0,137
23481217090,2026-07-04,1783194268000.0,137
23481217090,2026-07-04,1783194272000.0,137
23481217090,2026-07-04,1783194276000.0,138
23481217090,2026-07-04,1783194280000.0,139
23481217090,2026-07-04,1783194284000.0,140
23481217090,2026-07-04,1783194288000.0,140
23481217090,2026-07-04,1783194292000.0,141
23481217090,2026-07-04,1783194296000.0,140
23481217090,2026-07-04,1783194300000.0,139
23481217090,2026-07-04,1783194304000.0,140
23481217090,2026-07-04,1783194308000.0,140
23481217090,2026-07-04,1783194312000.0,140
23481217090,2026-07-04,1783194316000.0,140
23481217090,2026-07-04,1783194320000.0,141
23481217090,2026-07-04,1783194324000.0,142
23481217090,2026-07-04,1783194328000.0,141
23481217090,2026-07-04,1783194332000.0,140
23481217090,2026-07-04,1783194336000.0,139
23481217090,2026-07-04,1783194340000.0,139
23481217090,2026-07-04,1783194344000.0,138
23481217090,2026-07-04,1783194348000.0,136
23481217090,2026-07-04,1783194352000.0,136
23481217090,2026-07-04,1783194356000.0,136
23481217090,2026-07-04,1783194360000.0,136
23481217090,2026-07-04,1783194364000.0,139
23481217090,2026-07-04,1783194368000.0,140
23481217090,2026-07-04,1783194372000.0,142
23481217090,2026-07-04,1783194376000.0,144
23481217090,2026-07-04,1783194380000.0,145
23481217090,2026-07-04,1783194384000.0,147
23481217090,2026-07-04,1783194388000.0,147
23481217090,2026-07-04,1783194392000.0,148
23481217090,2026-07-04,1783194394000.0,149
23481217090,2026-07-04,1783194396000.0,150
23481217090,2026-07-04,1783194400000.0,150
23481217090,2026-07-04,1783194404000.0,150
23481217090,2026-07-04,1783194408000.0,148
23481217090,2026-07-04,1783194412000.0,147
23481217090,2026-07-04,1783194416000.0,146
23481217090,2026-07-04,1783194420000.0,142
23481217090,2026-07-04,1783194424000.0,141
23481217090,2026-07-04,1783194428000.0,137
23481217090,2026-07-04,1783194432000.0,134
23481217090,2026-07-04,1783194436000.0,133
23481217090,2026-07-04,1783194440000.0,132
23481217090,2026-07-04,1783194444000.0,130
23481217090,2026-07-04,1783194448000.0,130
23481217090,2026-07-04,1783194452000.0,130
23481217090,2026-07-04,1783194456000.0,131
23481217090,2026-07-04,1783194460000.0,129
23481217090,2026-07-04,1783194464000.0,130
23481217090,2026-07-04,1783194468000.0,131
23481217090,2026-07-04,1783194472000.0,132
23481217090,2026-07-04,1783194476000.0,132
23481217090,2026-07-04,1783194480000.0,133
23481217090,2026-07-04,1783194484000.0,134
23481217090,2026-07-04,1783194488000.0,135
23481217090,2026-07-04,1783194492000.0,136
23481217090,2026-07-04,1783194496000.0,134
23481217090,2026-07-04,1783194500000.0,135
23481217090,2026-07-04,1783194504000.0,137
23481217090,2026-07-04,1783194508000.0,138
23481217090,2026-07-04,1783194512000.0,138
23481217090,2026-07-04,1783194516000.0,138
23481217090,2026-07-04,1783194520000.0,139
23481217090,2026-07-04,1783194524000.0,140
23481217090,2026-07-04,1783194528000.0,139
23481217090,2026-07-04,1783194532000.0,139
23481217090,2026-07-04,1783194536000.0,139
23481217090,2026-07-04,1783194540000.0,139
23481217090,2026-07-04,1783194544000.0,140
23481217090,2026-07-04,1783194548000.0,140
23481217090,2026-07-04,1783194552000.0,139
23481217090,2026-07-04,1783194556000.0,139
23481217090,2026-07-04,1783194560000.0,140
23481217090,2026-07-04,1783194564000.0,140
23481217090,2026-07-04,1783194568000.0,138
23481217090,2026-07-04,1783194572000.0,136
23481217090,2026-07-04,1783194576000.0,135
23481217090,2026-07-04,1783194580000.0,135
23481217090,2026-07-04,1783194584000.0,136
23481217090,2026-07-04,1783194588000.0,135
23481217090,2026-07-04,1783194592000.0,135
23481217090,2026-07-04,1783194596000.0,138
23481217090,2026-07-04,1783194600000.0,139
23481217090,2026-07-04,1783194604000.0,140
23481217090,2026-07-04,1783194608000.0,141
23481217090,2026-07-04,1783194612000.0,141
23481217090,2026-07-04,1783194616000.0,140
23481217090,2026-07-04,1783194620000.0,140
23481217090,2026-07-04,1783194624000.0,139
23481217090,2026-07-04,1783194628000.0,138
23481217090,2026-07-04,1783194632000.0,138
23481217090,2026-07-04,1783194636000.0,139
23481217090,2026-07-04,1783194640000.0,138
23481217090,2026-07-04,1783194644000.0,138
23481217090,2026-07-04,1783194648000.0,137
23481217090,2026-07-04,1783194652000.0,136
23481217090,2026-07-04,1783194656000.0,136
23481217090,2026-07-04,1783194660000.0,135
23481217090,2026-07-04,1783194664000.0,135
23481217090,2026-07-04,1783194668000.0,135
23481217090,2026-07-04,1783194672000.0,137
23481217090,2026-07-04,1783194676000.0,139
23481217090,2026-07-04,1783194680000.0,139
23481217090,2026-07-04,1783194684000.0,138
23481217090,2026-07-04,1783194688000.0,138
23481217090,2026-07-04,1783194692000.0,139
23481217090,2026-07-04,1783194696000.0,139
23481217090,2026-07-04,1783194700000.0,140
23481217090,2026-07-04,1783194704000.0,140
23481217090,2026-07-04,1783194708000.0,140
23481217090,2026-07-04,1783194712000.0,139
23481217090,2026-07-04,1783194716000.0,141
23481217090,2026-07-04,1783194720000.0,141
23481217090,2026-07-04,1783194724000.0,141
23481217090,2026-07-04,1783194728000.0,143
23481217090,2026-07-04,1783194732000.0,144
23481217090,2026-07-04,1783194736000.0,142
23481217090,2026-07-04,1783194740000.0,140
23481217090,2026-07-04,1783194744000.0,139
23481217090,2026-07-04,1783194748000.0,140
23481217090,2026-07-04,1783194752000.0,139
23481217090,2026-07-04,1783194756000.0,138
23481217090,2026-07-04,1783194760000.0,136
23481217090,2026-07-04,1783194764000.0,136
23481217090,2026-07-04,1783194768000.0,136
23481217090,2026-07-04,1783194772000.0,136
23481217090,2026-07-04,1783194776000.0,137
23481217090,2026-07-04,1783194780000.0,136
23481217090,2026-07-04,1783194784000.0,135
23481217090,2026-07-04,1783194788000.0,135
23481217090,2026-07-04,1783194792000.0,135
23481217090,2026-07-04,1783194796000.0,136
23481217090,2026-07-04,1783194800000.0,137
23481217090,2026-07-04,1783194804000.0,136
23481217090,2026-07-04,1783194808000.0,137
23481217090,2026-07-04,1783194812000.0,138
23481217090,2026-07-04,1783194816000.0,140
23481217090,2026-07-04,1783194820000.0,141
23481217090,2026-07-04,1783194824000.0,141
23481217090,2026-07-04,1783194828000.0,143
23481217090,2026-07-04,1783194832000.0,141
23481217090,2026-07-04,1783194836000.0,141
23481217090,2026-07-04,1783194840000.0,140
23481217090,2026-07-04,1783194844000.0,137
23481217090,2026-07-04,1783194848000.0,131
23481217090,2026-07-04,1783194852000.0,132
23481217090,2026-07-04,1783194856000.0,134
23481217090,2026-07-04,1783194860000.0,136
23481217090,2026-07-04,1783194864000.0,132
23481217090,2026-07-04,1783194868000.0,132
23481217090,2026-07-04,1783194872000.0,132
23481217090,2026-07-04,1783194876000.0,132
23481217090,2026-07-04,1783194880000.0,134
23481217090,2026-07-04,1783194884000.0,133
23481217090,2026-07-04,1783194888000.0,132
23481217090,2026-07-04,1783194892000.0,132
23481217090,2026-07-04,1783194896000.0,134
23481217090,2026-07-04,1783194900000.0,134
23481217090,2026-07-04,1783194904000.0,135
23481217090,2026-07-04,1783194908000.0,136
23481217090,2026-07-04,1783194912000.0,137
23481217090,2026-07-04,1783194916000.0,136
23481217090,2026-07-04,1783194920000.0,137
23481217090,2026-07-04,1783194924000.0,136
23481217090,2026-07-04,1783194928000.0,136
23481217090,2026-07-04,1783194932000.0,135
23481217090,2026-07-04,1783194936000.0,135
23481217090,2026-07-04,1783194940000.0,136
23481217090,2026-07-04,1783194944000.0,136
23481217090,2026-07-04,1783194948000.0,134
23481217090,2026-07-04,1783194952000.0,136
23481217090,2026-07-04,1783194956000.0,136
23481217090,2026-07-04,1783194960000.0,136
23481217090,2026-07-04,1783194964000.0,135
23481217090,2026-07-04,1783194968000.0,134
23481217090,2026-07-04,1783194972000.0,135
23481217090,2026-07-04,1783194976000.0,135
23481217090,2026-07-04,1783194980000.0,136
23481217090,2026-07-04,1783194984000.0,137
23481217090,2026-07-04,1783194988000.0,137
23481217090,2026-07-04,1783194992000.0,138
23481217090,2026-07-04,1783194996000.0,138
23481217090,2026-07-04,1783195000000.0,136
23481217090,2026-07-04,1783195004000.0,137
23481217090,2026-07-04,1783195008000.0,138
23481217090,2026-07-04,1783195012000.0,139
23481217090,2026-07-04,1783195016000.0,138
23481217090,2026-07-04,1783195020000.0,139
23481217090,2026-07-04,1783195024000.0,140
23481217090,2026-07-04,1783195028000.0,139
23481217090,2026-07-04,1783195032000.0,138
23481217090,2026-07-04,1783195036000.0,137
23481217090,2026-07-04,1783195040000.0,135
23481217090,2026-07-04,1783195044000.0,135
23481217090,2026-07-04,1783195048000.0,136
23481217090,2026-07-04,1783195052000.0,138
23481217090,2026-07-04,1783195056000.0,137
23481217090,2026-07-04,1783195060000.0,138
23481217090,2026-07-04,1783195064000.0,136
23481217090,2026-07-04,1783195068000.0,135
23481217090,2026-07-04,1783195072000.0,137
23481217090,2026-07-04,1783195076000.0,136
23481217090,2026-07-04,1783195080000.0,136
23481217090,2026-07-04,1783195084000.0,136
23481217090,2026-07-04,1783195088000.0,137
23481217090,2026-07-04,1783195092000.0,136
23481217090,2026-07-04,1783195096000.0,136
23481217090,2026-07-04,1783195100000.0,138
23481217090,2026-07-04,1783195104000.0,139
23481217090,2026-07-04,1783195108000.0,138
23481217090,2026-07-04,1783195112000.0,138
23481217090,2026-07-04,1783195116000.0,138
23481217090,2026-07-04,1783195120000.0,138
23481217090,2026-07-04,1783195124000.0,137
23481217090,2026-07-04,1783195128000.0,136
23481217090,2026-07-04,1783195132000.0,136
23481217090,2026-07-04,1783195136000.0,134
23481217090,2026-07-04,1783195140000.0,134
23481217090,2026-07-04,1783195144000.0,134
23481217090,2026-07-04,1783195148000.0,135
23481217090,2026-07-04,1783195152000.0,136
23481217090,2026-07-04,1783195156000.0,137
23481217090,2026-07-04,1783195160000.0,137
23481217090,2026-07-04,1783195164000.0,135
23481217090,2026-07-04,1783195168000.0,135
23481217090,2026-07-04,1783195172000.0,137
23481217090,2026-07-04,1783195176000.0,137
23481217090,2026-07-04,1783195180000.0,136
23481217090,2026-07-04,1783195184000.0,137
23481217090,2026-07-04,1783195188000.0,137
23481217090,2026-07-04,1783195192000.0,137
23481217090,2026-07-04,1783195196000.0,135
23481217090,2026-07-04,1783195200000.0,135
23481217090,2026-07-04,1783195204000.0,134
23481217090,2026-07-04,1783195208000.0,134
23481217090,2026-07-04,1783195212000.0,136
23481217090,2026-07-04,1783195216000.0,137
23481217090,2026-07-04,1783195220000.0,136
23481217090,2026-07-04,1783195224000.0,133
23481217090,2026-07-04,1783195228000.0,131
23481217090,2026-07-04,1783195232000.0,132
23481217090,2026-07-04,1783195236000.0,132
23481217090,2026-07-04,1783195240000.0,133
23481217090,2026-07-04,1783195244000.0,132
23481217090,2026-07-04,1783195248000.0,132
23481217090,2026-07-04,1783195252000.0,132
23481217090,2026-07-04,1783195256000.0,133
23481217090,2026-07-04,1783195260000.0,133
23481217090,2026-07-04,1783195264000.0,133
23481217090,2026-07-04,1783195268000.0,131
23481217090,2026-07-04,1783195272000.0,131
23481217090,2026-07-04,1783195276000.0,132
23481217090,2026-07-04,1783195280000.0,133
23481217090,2026-07-04,1783195284000.0,134
23481217090,2026-07-04,1783195288000.0,136
23481217090,2026-07-04,1783195292000.0,138
23481217090,2026-07-04,1783195296000.0,140
23481217090,2026-07-04,1783195300000.0,142
23481217090,2026-07-04,1783195304000.0,143
23481217090,2026-07-04,1783195308000.0,144
23481217090,2026-07-04,1783195312000.0,144
23481217090,2026-07-04,1783195316000.0,145
23481217090,2026-07-04,1783195320000.0,144
23481217090,2026-07-04,1783195324000.0,145
23481217090,2026-07-04,1783195328000.0,146
23481217090,2026-07-04,1783195332000.0,145
23481217090,2026-07-04,1783195336000.0,144
23481217090,2026-07-04,1783195340000.0,144
23481217090,2026-07-04,1783195344000.0,145
23481217090,2026-07-04,1783195348000.0,145
23481217090,2026-07-04,1783195352000.0,145
23481217090,2026-07-04,1783195356000.0,145
23481217090,2026-07-04,1783195360000.0,145
23481217090,2026-07-04,1783195364000.0,145
23481217090,2026-07-04,1783195368000.0,141
23481217090,2026-07-04,1783195372000.0,138
23481217090,2026-07-04,1783195376000.0,138
23481217090,2026-07-04,1783195380000.0,138
23481217090,2026-07-04,1783195384000.0,139
23481217090,2026-07-04,1783195388000.0,140
23481217090,2026-07-04,1783195392000.0,140
23481217090,2026-07-04,1783195396000.0,141
23481217090,2026-07-04,1783195400000.0,142
23481217090,2026-07-04,1783195404000.0,142
23481217090,2026-07-04,1783195408000.0,142
23481217090,2026-07-04,1783195412000.0,142
23481217090,2026-07-04,1783195416000.0,141
23481217090,2026-07-04,1783195420000.0,139
23481217090,2026-07-04,1783195424000.0,138
23481217090,2026-07-04,1783195428000.0,139
23481217090,2026-07-04,1783195432000.0,140
23481217090,2026-07-04,1783195436000.0,141
23481217090,2026-07-04,1783195440000.0,142
23481217090,2026-07-04,1783195444000.0,142
23481217090,2026-07-04,1783195448000.0,141
23481217090,2026-07-04,1783195452000.0,141
23481217090,2026-07-04,1783195456000.0,141
23481217090,2026-07-04,1783195460000.0,141
23481217090,2026-07-04,1783195464000.0,140
23481217090,2026-07-04,1783195468000.0,140
23481217090,2026-07-04,1783195472000.0,139
23481217090,2026-07-04,1783195476000.0,139
23481217090,2026-07-04,1783195480000.0,139
23481217090,2026-07-04,1783195484000.0,139
23481217090,2026-07-04,1783195488000.0,140
23481217090,2026-07-04,1783195492000.0,140
23481217090,2026-07-04,1783195496000.0,142
23481217090,2026-07-04,1783195500000.0,142
23481217090,2026-07-04,1783195504000.0,142
23481217090,2026-07-04,1783195508000.0,142
23481217090,2026-07-04,1783195512000.0,141
23481217090,2026-07-04,1783195516000.0,142
23481217090,2026-07-04,1783195520000.0,143
23481217090,2026-07-04,1783195524000.0,143
23481217090,2026-07-04,1783195528000.0,142
23481217090,2026-07-04,1783195532000.0,142
23481217090,2026-07-04,1783195536000.0,142
23481217090,2026-07-04,1783195540000.0,143
23481217090,2026-07-04,1783195544000.0,143
23481217090,2026-07-04,1783195548000.0,143
23481217090,2026-07-04,1783195552000.0,144
23481217090,2026-07-04,1783195556000.0,144
23481217090,2026-07-04,1783195560000.0,146
23481217090,2026-07-04,1783195564000.0,145
23481217090,2026-07-04,1783195568000.0,144
23481217090,2026-07-04,1783195572000.0,143
23481217090,2026-07-04,1783195576000.0,144
23481217090,2026-07-04,1783195580000.0,143
23481217090,2026-07-04,1783195584000.0,141
23481217090,2026-07-04,1783195588000.0,140
23481217090,2026-07-04,1783195592000.0,142
23481217090,2026-07-04,1783195596000.0,142
23481217090,2026-07-04,1783195600000.0,142
23481217090,2026-07-04,1783195604000.0,141
23481217090,2026-07-04,1783195608000.0,140
23481217090,2026-07-04,1783195612000.0,141
23481217090,2026-07-04,1783195616000.0,141
23481217090,2026-07-04,1783195620000.0,141
23481217090,2026-07-04,1783195624000.0,141
23481217090,2026-07-04,1783195628000.0,140
23481217090,2026-07-04,1783195632000.0,140
23481217090,2026-07-04,1783195636000.0,140
23481217090,2026-07-04,1783195640000.0,139
23481217090,2026-07-04,1783195644000.0,139
23481217090,2026-07-04,1783195648000.0,140
23481217090,2026-07-04,1783195652000.0,143
23481217090,2026-07-04,1783195656000.0,144
23481217090,2026-07-04,1783195660000.0,145
23481217090,2026-07-04,1783195664000.0,145
23481217090,2026-07-04,1783195668000.0,145
23481217090,2026-07-04,1783195672000.0,145
23481217090,2026-07-04,1783195676000.0,143
23481217090,2026-07-04,1783195679000.0,142
23481217090,2026-07-04,1783195680000.0,141
23481217090,2026-07-04,1783195684000.0,140
23481217090,2026-07-04,1783195688000.0,138
23481217090,2026-07-04,1783195692000.0,138
23481217090,2026-07-04,1783195696000.0,140
23481217090,2026-07-04,1783195700000.0,142
23481217090,2026-07-04,1783195704000.0,142
23481217090,2026-07-04,1783195708000.0,141
23481217090,2026-07-04,1783195712000.0,134
23481217090,2026-07-04,1783195716000.0,122
23481217090,2026-07-04,1783195720000.0,119
23481217090,2026-07-04,1783195724000.0,123
23481217090,2026-07-04,1783195728000.0,124
23481217090,2026-07-04,1783195732000.0,123
23481217090,2026-07-04,1783195736000.0,123
23481217090,2026-07-04,1783195740000.0,125
23481217090,2026-07-04,1783195744000.0,128
23481217090,2026-07-04,1783195748000.0,131
23481217090,2026-07-04,1783195752000.0,133
23481217090,2026-07-04,1783195756000.0,136
23481217090,2026-07-04,1783195760000.0,137
23481217090,2026-07-04,1783195761000.0,137
23481217090,2026-07-04,1783195764000.0,136
23481217090,2026-07-04,1783195768000.0,135
23481217090,2026-07-04,1783195772000.0,134
23481217090,2026-07-04,1783195776000.0,134
23481217090,2026-07-04,1783195780000.0,135
23481217090,2026-07-04,1783195784000.0,135
23481217090,2026-07-04,1783195788000.0,136
23481217090,2026-07-04,1783195792000.0,139
23481217090,2026-07-04,1783195796000.0,138
23481217090,2026-07-04,1783195800000.0,138
23481217090,2026-07-04,1783195804000.0,139
23481217090,2026-07-04,1783195808000.0,142
23481217090,2026-07-04,1783195812000.0,144
23481217090,2026-07-04,1783195816000.0,145
23481217090,2026-07-04,1783195820000.0,144
23481217090,2026-07-04,1783195824000.0,144
23481217090,2026-07-04,1783195828000.0,143
23481217090,2026-07-04,1783195832000.0,144
23481217090,2026-07-04,1783195836000.0,144
23481217090,2026-07-04,1783195840000.0,143
23481217090,2026-07-04,1783195844000.0,141
23481217090,2026-07-04,1783195848000.0,141
23481217090,2026-07-04,1783195852000.0,141
23481217090,2026-07-04,1783195856000.0,140
23481217090,2026-07-04,1783195860000.0,139
23481217090,2026-07-04,1783195864000.0,140
23481217090,2026-07-04,1783195868000.0,141
23481217090,2026-07-04,1783195872000.0,141
23481217090,2026-07-04,1783195876000.0,140
23481217090,2026-07-04,1783195880000.0,140
23481217090,2026-07-04,1783195884000.0,140
23481217090,2026-07-04,1783195888000.0,140
23481217090,2026-07-04,1783195892000.0,139
23481217090,2026-07-04,1783195896000.0,139
23481217090,2026-07-04,1783195900000.0,140
23481217090,2026-07-04,1783195904000.0,139
23481217090,2026-07-04,1783195908000.0,140
23481217090,2026-07-04,1783195912000.0,140
23481217090,2026-07-04,1783195916000.0,140
23481217090,2026-07-04,1783195920000.0,142
23481217090,2026-07-04,1783195924000.0,143
23481217090,2026-07-04,1783195928000.0,143
23481217090,2026-07-04,1783195932000.0,144
23481217090,2026-07-04,1783195936000.0,143
23481217090,2026-07-04,1783195940000.0,142
23481217090,2026-07-04,1783195944000.0,142
23481217090,2026-07-04,1783195948000.0,143
23481217090,2026-07-04,1783195952000.0,142
23481217090,2026-07-04,1783195956000.0,142
23481217090,2026-07-04,1783195960000.0,142
23481217090,2026-07-04,1783195964000.0,142
23481217090,2026-07-04,1783195968000.0,142
23481217090,2026-07-04,1783195972000.0,143
23481217090,2026-07-04,1783195976000.0,142
23481217090,2026-07-04,1783195980000.0,142
23481217090,2026-07-04,1783195984000.0,142
23481217090,2026-07-04,1783195988000.0,142
23481217090,2026-07-04,1783195992000.0,142
23481217090,2026-07-04,1783195996000.0,142
23481217090,2026-07-04,1783196000000.0,143
23481217090,2026-07-04,1783196004000.0,144
23481217090,2026-07-04,1783196008000.0,144
23481217090,2026-07-04,1783196012000.0,145
23481217090,2026-07-04,1783196016000.0,145
23481217090,2026-07-04,1783196020000.0,144
23481217090,2026-07-04,1783196024000.0,144
23481217090,2026-07-04,1783196028000.0,143
23481217090,2026-07-04,1783196032000.0,143
23481217090,2026-07-04,1783196036000.0,141
23481217090,2026-07-04,1783196040000.0,139
23481217090,2026-07-04,1783196044000.0,140
23481217090,2026-07-04,1783196048000.0,139
23481217090,2026-07-04,1783196052000.0,138
23481217090,2026-07-04,1783196056000.0,138
23481217090,2026-07-04,1783196060000.0,137
23481217090,2026-07-04,1783196064000.0,137
23481217090,2026-07-04,1783196068000.0,137
23481217090,2026-07-04,1783196072000.0,137
23481217090,2026-07-04,1783196076000.0,138
23481217090,2026-07-04,1783196080000.0,137
23481217090,2026-07-04,1783196084000.0,136
23481217090,2026-07-04,1783196088000.0,136
23481217090,2026-07-04,1783196092000.0,136
23481217090,2026-07-04,1783196096000.0,135
23481217090,2026-07-04,1783196100000.0,134
23481217090,2026-07-04,1783196104000.0,134
23481217090,2026-07-04,1783196108000.0,134
23481217090,2026-07-04,1783196112000.0,134
23481217090,2026-07-04,1783196116000.0,136
23481217090,2026-07-04,1783196120000.0,135
23481217090,2026-07-04,1783196124000.0,134
23481217090,2026-07-04,1783196128000.0,134
23481217090,2026-07-04,1783196132000.0,134
23481217090,2026-07-04,1783196136000.0,133
23481217090,2026-07-04,1783196140000.0,133
23481217090,2026-07-04,1783196144000.0,134
23481217090,2026-07-04,1783196148000.0,136
23481217090,2026-07-04,1783196152000.0,139
23481217090,2026-07-04,1783196156000.0,140
23481217090,2026-07-04,1783196160000.0,140
23481217090,2026-07-04,1783196164000.0,141
23481217090,2026-07-04,1783196168000.0,140
23481217090,2026-07-04,1783196172000.0,141
23481217090,2026-07-04,1783196176000.0,142
23481217090,2026-07-04,1783196180000.0,140
23481217090,2026-07-04,1783196184000.0,138
23481217090,2026-07-04,1783196186000.0,137
23481217090,2026-07-04,1783196188000.0,137
23481217090,2026-07-04,1783196192000.0,140
23481217090,2026-07-04,1783196196000.0,142
23481217090,2026-07-04,1783196200000.0,139
23481217090,2026-07-04,1783196204000.0,137
23481217090,2026-07-04,1783196208000.0,136
23481217090,2026-07-04,1783196212000.0,135
23481217090,2026-07-04,1783196216000.0,136
23481217090,2026-07-04,1783196220000.0,139
23481217090,2026-07-04,1783196224000.0,139
23481217090,2026-07-04,1783196228000.0,139
23481217090,2026-07-04,1783196232000.0,140
23481217090,2026-07-04,1783196236000.0,141
23481217090,2026-07-04,1783196240000.0,141
23481217090,2026-07-04,1783196244000.0,141
23481217090,2026-07-04,1783196248000.0,141
23481217090,2026-07-04,1783196252000.0,141
23481217090,2026-07-04,1783196256000.0,141
23481217090,2026-07-04,1783196260000.0,141
23481217090,2026-07-04,1783196264000.0,141
23481217090,2026-07-04,1783196268000.0,140
23481217090,2026-07-04,1783196272000.0,140
23481217090,2026-07-04,1783196276000.0,140
23481217090,2026-07-04,1783196280000.0,140
23481217090,2026-07-04,1783196284000.0,141
23481217090,2026-07-04,1783196288000.0,142
23481217090,2026-07-04,1783196292000.0,143
23481217090,2026-07-04,1783196296000.0,145
23481217090,2026-07-04,1783196300000.0,145
23481217090,2026-07-04,1783196304000.0,145
23481217090,2026-07-04,1783196308000.0,144
23481217090,2026-07-04,1783196312000.0,145
23481217090,2026-07-04,1783196316000.0,145
23481217090,2026-07-04,1783196320000.0,144
23481217090,2026-07-04,1783196324000.0,144
23481217090,2026-07-04,1783196328000.0,143
23481217090,2026-07-04,1783196332000.0,142
23481217090,2026-07-04,1783196336000.0,141
23481217090,2026-07-04,1783196340000.0,141
23481217090,2026-07-04,1783196344000.0,142
23481217090,2026-07-04,1783196348000.0,142
23481217090,2026-07-04,1783196352000.0,145
23481217090,2026-07-04,1783196356000.0,144
23481217090,2026-07-04,1783196360000.0,143
23481217090,2026-07-04,1783196364000.0,143
23481217090,2026-07-04,1783196368000.0,142
23481217090,2026-07-04,1783196372000.0,140
23481217090,2026-07-04,1783196376000.0,138
23481217090,2026-07-04,1783196380000.0,139
23481217090,2026-07-04,1783196384000.0,140
23481217090,2026-07-04,1783196388000.0,141
23481217090,2026-07-04,1783196392000.0,142
23481217090,2026-07-04,1783196396000.0,142
23481217090,2026-07-04,1783196400000.0,141
23481217090,2026-07-04,1783196404000.0,141
23481217090,2026-07-04,1783196408000.0,141
23481217090,2026-07-04,1783196412000.0,143
23481217090,2026-07-04,1783196416000.0,144
23481217090,2026-07-04,1783196420000.0,144
23481217090,2026-07-04,1783196424000.0,144
23481217090,2026-07-04,1783196428000.0,145
23481217090,2026-07-04,1783196432000.0,144
23481217090,2026-07-04,1783196436000.0,144
23481217090,2026-07-04,1783196440000.0,143
23481217090,2026-07-04,1783196444000.0,142
23481217090,2026-07-04,1783196448000.0,142
23481217090,2026-07-04,1783196452000.0,143
23481217090,2026-07-04,1783196456000.0,144
23481217090,2026-07-04,1783196460000.0,144
23481217090,2026-07-04,1783196464000.0,144
23481217090,2026-07-04,1783196468000.0,144
23481217090,2026-07-04,1783196472000.0,143
23481217090,2026-07-04,1783196476000.0,143
23481217090,2026-07-04,1783196480000.0,144
23481217090,2026-07-04,1783196484000.0,144
23481217090,2026-07-04,1783196488000.0,145
23481217090,2026-07-04,1783196492000.0,144
23481217090,2026-07-04,1783196496000.0,145
23481217090,2026-07-04,1783196500000.0,144
23481217090,2026-07-04,1783196504000.0,143
23481217090,2026-07-04,1783196508000.0,143
23481217090,2026-07-04,1783196512000.0,143
23481217090,2026-07-04,1783196516000.0,144
23481217090,2026-07-04,1783196520000.0,144
23481217090,2026-07-04,1783196524000.0,143
23481217090,2026-07-04,1783196528000.0,143
23481217090,2026-07-04,1783196532000.0,144
23481217090,2026-07-04,1783196536000.0,144
23481217090,2026-07-04,1783196540000.0,143
23481217090,2026-07-04,1783196544000.0,144
23481217090,2026-07-04,1783196548000.0,139
23481217090,2026-07-04,1783196552000.0,136
23481217090,2026-07-04,1783196556000.0,138
23481217090,2026-07-04,1783196560000.0,140
23481217090,2026-07-04,1783196564000.0,141
23481217090,2026-07-04,1783196568000.0,141
23481217090,2026-07-04,1783196572000.0,142
23481217090,2026-07-04,1783196576000.0,142
23481217090,2026-07-04,1783196580000.0,141
23481217090,2026-07-04,1783196584000.0,141
23481217090,2026-07-04,1783196588000.0,141
23481217090,2026-07-04,1783196592000.0,140
23481217090,2026-07-04,1783196596000.0,139
23481217090,2026-07-04,1783196600000.0,140
23481217090,2026-07-04,1783196604000.0,139
23481217090,2026-07-04,1783196608000.0,138
23481217090,2026-07-04,1783196612000.0,141
23481217090,2026-07-04,1783196616000.0,142
23481217090,2026-07-04,1783196620000.0,143
23481217090,2026-07-04,1783196624000.0,142
23481217090,2026-07-04,1783196628000.0,140
23481217090,2026-07-04,1783196632000.0,138
23481217090,2026-07-04,1783196636000.0,140
23481217090,2026-07-04,1783196640000.0,141
23481217090,2026-07-04,1783196644000.0,143
23481217090,2026-07-04,1783196648000.0,144
23481217090,2026-07-04,1783196652000.0,145
23481217090,2026-07-04,1783196656000.0,144
23481217090,2026-07-04,1783196660000.0,143
23481217090,2026-07-04,1783196661000.0,143
23481217090,2026-07-04,1783196664000.0,144
23481217090,2026-07-04,1783196668000.0,145
23481217090,2026-07-04,1783196672000.0,146
23481217090,2026-07-04,1783196676000.0,146
23481217090,2026-07-04,1783196680000.0,145
23481217090,2026-07-04,1783196684000.0,144
23481217090,2026-07-04,1783196688000.0,143
23481217090,2026-07-04,1783196692000.0,141
23481217090,2026-07-04,1783196696000.0,141
23481217090,2026-07-04,1783196700000.0,141
23481217090,2026-07-04,1783196704000.0,142
23481217090,2026-07-04,1783196708000.0,141
23481217090,2026-07-04,1783196712000.0,140
23481217090,2026-07-04,1783196716000.0,140
23481217090,2026-07-04,1783196720000.0,140
23481217090,2026-07-04,1783196724000.0,140
23481217090,2026-07-04,1783196728000.0,140
23481217090,2026-07-04,1783196732000.0,140
23481217090,2026-07-04,1783196736000.0,142
23481217090,2026-07-04,1783196740000.0,144
23481217090,2026-07-04,1783196744000.0,143
23481217090,2026-07-04,1783196747000.0,140
23481217090,2026-07-04,1783196748000.0,138
23481217090,2026-07-04,1783196752000.0,136
23481217090,2026-07-04,1783196756000.0,135
23481217090,2026-07-04,1783196760000.0,133
23481217090,2026-07-04,1783196764000.0,133
23481217090,2026-07-04,1783196768000.0,133
23481217090,2026-07-04,1783196772000.0,134
23481217090,2026-07-04,1783196776000.0,134
23481217090,2026-07-04,1783196780000.0,134
23481217090,2026-07-04,1783196784000.0,133
23481217090,2026-07-04,1783196788000.0,132
23481217090,2026-07-04,1783196792000.0,134
23481217090,2026-07-04,1783196796000.0,134
23481217090,2026-07-04,1783196800000.0,135
23481217090,2026-07-04,1783196804000.0,138
23481217090,2026-07-04,1783196808000.0,138
23481217090,2026-07-04,1783196812000.0,140
23481217090,2026-07-04,1783196816000.0,140
23481217090,2026-07-04,1783196820000.0,139
23481217090,2026-07-04,1783196824000.0,138
23481217090,2026-07-04,1783196828000.0,138
23481217090,2026-07-04,1783196832000.0,138
23481217090,2026-07-04,1783196836000.0,139
23481217090,2026-07-04,1783196840000.0,140
23481217090,2026-07-04,1783196844000.0,140
23481217090,2026-07-04,1783196848000.0,140
23481217090,2026-07-04,1783196852000.0,141
23481217090,2026-07-04,1783196856000.0,141
23481217090,2026-07-04,1783196860000.0,142
23481217090,2026-07-04,1783196864000.0,142
23481217090,2026-07-04,1783196868000.0,142
23481217090,2026-07-04,1783196872000.0,143
23481217090,2026-07-04,1783196876000.0,143
23481217090,2026-07-04,1783196880000.0,143
23481217090,2026-07-04,1783196884000.0,143
23481217090,2026-07-04,1783196888000.0,143
23481217090,2026-07-04,1783196892000.0,143
23481217090,2026-07-04,1783196896000.0,141
23481217090,2026-07-04,1783196900000.0,141
23481217090,2026-07-04,1783196904000.0,141
23481217090,2026-07-04,1783196908000.0,141
23481217090,2026-07-04,1783196912000.0,142
23481217090,2026-07-04,1783196916000.0,142
23481217090,2026-07-04,1783196920000.0,142
23481217090,2026-07-04,1783196924000.0,141
23481217090,2026-07-04,1783196928000.0,141
23481217090,2026-07-04,1783196932000.0,141
23481217090,2026-07-04,1783196936000.0,141
23481217090,2026-07-04,1783196940000.0,141
23481217090,2026-07-04,1783196944000.0,139
23481217090,2026-07-04,1783196948000.0,137
23481217090,2026-07-04,1783196952000.0,136
23481217090,2026-07-04,1783196956000.0,136
23481217090,2026-07-04,1783196960000.0,136
23481217090,2026-07-04,1783196964000.0,136
23481217090,2026-07-04,1783196968000.0,136
23481217090,2026-07-04,1783196972000.0,135
23481217090,2026-07-04,1783196976000.0,135
23481217090,2026-07-04,1783196980000.0,135
23481217090,2026-07-04,1783196984000.0,135
23481217090,2026-07-04,1783196988000.0,134
23481217090,2026-07-04,1783196992000.0,135
23481217090,2026-07-04,1783196996000.0,138
23481217090,2026-07-04,1783197000000.0,139
23481217090,2026-07-04,1783197004000.0,139
23481217090,2026-07-04,1783197008000.0,140
23481217090,2026-07-04,1783197012000.0,143
23481217090,2026-07-04,1783197016000.0,144
23481217090,2026-07-04,1783197020000.0,143
23481217090,2026-07-04,1783197024000.0,144
23481217090,2026-07-04,1783197028000.0,142
23481217090,2026-07-04,1783197032000.0,142
23481217090,2026-07-04,1783197036000.0,141
23481217090,2026-07-04,1783197040000.0,141
23481217090,2026-07-04,1783197044000.0,142
23481217090,2026-07-04,1783197048000.0,142
23481217090,2026-07-04,1783197052000.0,143
23481217090,2026-07-04,1783197056000.0,143
23481217090,2026-07-04,1783197060000.0,145
23481217090,2026-07-04,1783197064000.0,145
23481217090,2026-07-04,1783197068000.0,146
23481217090,2026-07-04,1783197072000.0,146
23481217090,2026-07-04,1783197076000.0,146
23481217090,2026-07-04,1783197080000.0,146
23481217090,2026-07-04,1783197084000.0,145
23481217090,2026-07-04,1783197088000.0,146
23481217090,2026-07-04,1783197092000.0,147
23481217090,2026-07-04,1783197096000.0,147
23481217090,2026-07-04,1783197100000.0,147
23481217090,2026-07-04,1783197104000.0,148
23481217090,2026-07-04,1783197108000.0,149
23481217090,2026-07-04,1783197112000.0,149
23481217090,2026-07-04,1783197116000.0,147
23481217090,2026-07-04,1783197120000.0,147
23481217090,2026-07-04,1783197124000.0,147
23481217090,2026-07-04,1783197128000.0,147
23481217090,2026-07-04,1783197132000.0,147
23481217090,2026-07-04,1783197136000.0,145
23481217090,2026-07-04,1783197140000.0,144
23481217090,2026-07-04,1783197144000.0,144
23481217090,2026-07-04,1783197148000.0,144
23481217090,2026-07-04,1783197152000.0,143
23481217090,2026-07-04,1783197156000.0,142
23481217090,2026-07-04,1783197160000.0,141
23481217090,2026-07-04,1783197164000.0,143
23481217090,2026-07-04,1783197168000.0,144
23481217090,2026-07-04,1783197172000.0,145
23481217090,2026-07-04,1783197176000.0,145
23481217090,2026-07-04,1783197180000.0,145
23481217090,2026-07-04,1783197184000.0,145
23481217090,2026-07-04,1783197188000.0,144
23481217090,2026-07-04,1783197192000.0,143
23481217090,2026-07-04,1783197196000.0,142
23481217090,2026-07-04,1783197200000.0,142
23481217090,2026-07-04,1783197204000.0,141
23481217090,2026-07-04,1783197208000.0,141
23481217090,2026-07-04,1783197212000.0,143
23481217090,2026-07-04,1783197216000.0,143
23481217090,2026-07-04,1783197220000.0,143
23481217090,2026-07-04,1783197224000.0,144
23481217090,2026-07-04,1783197228000.0,144
23481217090,2026-07-04,1783197232000.0,144
23481217090,2026-07-04,1783197236000.0,144
23481217090,2026-07-04,1783197240000.0,144
23481217090,2026-07-04,1783197244000.0,143
23481217090,2026-07-04,1783197248000.0,143
23481217090,2026-07-04,1783197252000.0,143
23481217090,2026-07-04,1783197256000.0,143
23481217090,2026-07-04,1783197260000.0,144
23481217090,2026-07-04,1783197264000.0,145
23481217090,2026-07-04,1783197268000.0,146
23481217090,2026-07-04,1783197272000.0,147
23481217090,2026-07-04,1783197276000.0,147
23481217090,2026-07-04,1783197280000.0,148
23481217090,2026-07-04,1783197284000.0,149
23481217090,2026-07-04,1783197288000.0,149
23481217090,2026-07-04,1783197292000.0,150
23481217090,2026-07-04,1783197296000.0,152
23481217090,2026-07-04,1783197300000.0,152
23481217090,2026-07-04,1783197304000.0,152
23481217090,2026-07-04,1783197308000.0,151
23481217090,2026-07-04,1783197312000.0,149
23481217090,2026-07-04,1783197316000.0,149
23481217090,2026-07-04,1783197320000.0,148
23481217090,2026-07-04,1783197324000.0,150
23481217090,2026-07-04,1783197328000.0,150
23481217090,2026-07-04,1783197332000.0,150
23481217090,2026-07-04,1783197336000.0,151
23481217090,2026-07-04,1783197340000.0,149
23481217090,2026-07-04,1783197344000.0,147
23481217090,2026-07-04,1783197348000.0,146
23481217090,2026-07-04,1783197352000.0,145
23481217090,2026-07-04,1783197356000.0,144
23481217090,2026-07-04,1783197360000.0,142
23481217090,2026-07-04,1783197364000.0,142
23481217090,2026-07-04,1783197368000.0,141
23481217090,2026-07-04,1783197372000.0,140
23481217090,2026-07-04,1783197376000.0,141
23481217090,2026-07-04,1783197380000.0,142
23481217090,2026-07-04,1783197384000.0,142
23481217090,2026-07-04,1783197388000.0,142
23481217090,2026-07-04,1783197392000.0,144
23481217090,2026-07-04,1783197396000.0,143
23481217090,2026-07-04,1783197400000.0,142
23481217090,2026-07-04,1783197404000.0,143
23481217090,2026-07-04,1783197408000.0,141
23481217090,2026-07-04,1783197412000.0,140
23481217090,2026-07-04,1783197416000.0,141
23481217090,2026-07-04,1783197420000.0,143
23481217090,2026-07-04,1783197421000.0,143
23481217090,2026-07-04,1783197424000.0,143
23481217090,2026-07-04,1783197428000.0,144
23481217090,2026-07-04,1783197432000.0,145
23481217090,2026-07-04,1783197436000.0,146
23481217090,2026-07-04,1783197440000.0,145
23481217090,2026-07-04,1783197444000.0,146
23481217090,2026-07-04,1783197448000.0,146
23481217090,2026-07-04,1783197452000.0,147
23481217090,2026-07-04,1783197456000.0,146
23481217090,2026-07-04,1783197460000.0,144
23481217090,2026-07-04,1783197464000.0,142
23481217090,2026-07-04,1783197468000.0,142
23481217090,2026-07-04,1783197472000.0,142
23481217090,2026-07-04,1783197476000.0,142
23481217090,2026-07-04,1783197480000.0,143
23481217090,2026-07-04,1783197484000.0,144
23481217090,2026-07-04,1783197488000.0,145
23481217090,2026-07-04,1783197492000.0,145
23481217090,2026-07-04,1783197496000.0,145
23481217090,2026-07-04,1783197500000.0,145
23481217090,2026-07-04,1783197504000.0,145
23481217090,2026-07-04,1783197508000.0,145
23481217090,2026-07-04,1783197512000.0,145
23481217090,2026-07-04,1783197516000.0,145
23481217090,2026-07-04,1783197520000.0,146
23481217090,2026-07-04,1783197524000.0,146
23481217090,2026-07-04,1783197528000.0,145
23481217090,2026-07-04,1783197532000.0,147
23481217090,2026-07-04,1783197536000.0,148
23481217090,2026-07-04,1783197540000.0,148
23481217090,2026-07-04,1783197544000.0,147
23481217090,2026-07-04,1783197548000.0,149
23481217090,2026-07-04,1783197552000.0,150
23481217090,2026-07-04,1783197556000.0,151
23481217090,2026-07-04,1783197560000.0,151
23481217090,2026-07-04,1783197564000.0,153
23481217090,2026-07-04,1783197568000.0,153
23481217090,2026-07-04,1783197572000.0,153
23481217090,2026-07-04,1783197576000.0,153
23481217090,2026-07-04,1783197580000.0,153
23481217090,2026-07-04,1783197584000.0,152
23481217090,2026-07-04,1783197588000.0,152
23481217090,2026-07-04,1783197592000.0,152
23481217090,2026-07-04,1783197596000.0,153
23481217090,2026-07-04,1783197600000.0,152
23481217090,2026-07-04,1783197604000.0,150
23481217090,2026-07-04,1783197608000.0,149
23481217090,2026-07-04,1783197612000.0,146
23481217090,2026-07-04,1783197616000.0,145
23481217090,2026-07-04,1783197620000.0,142
23481217090,2026-07-04,1783197624000.0,140
23481217090,2026-07-04,1783197628000.0,138
23481217090,2026-07-04,1783197632000.0,138
23481217090,2026-07-04,1783197636000.0,137
23481217090,2026-07-04,1783197637000.0,137
23481217090,2026-07-04,1783197640000.0,137
23481217090,2026-07-04,1783197644000.0,137
23481217090,2026-07-04,1783197648000.0,137
23481217090,2026-07-04,1783197652000.0,139
23481217090,2026-07-04,1783197656000.0,141
23481217090,2026-07-04,1783197660000.0,142
23481217090,2026-07-04,1783197663000.0,143
23481217090,2026-07-04,1783197664000.0,143
23481217090,2026-07-04,1783197668000.0,145
23481217090,2026-07-04,1783197672000.0,148
23481217090,2026-07-04,1783197676000.0,149
23481217090,2026-07-04,1783197680000.0,149
23481217090,2026-07-04,1783197684000.0,149
23481217090,2026-07-04,1783197688000.0,149
23481217090,2026-07-04,1783197692000.0,149
23481217090,2026-07-04,1783197696000.0,151
23481217090,2026-07-04,1783197700000.0,150
23481217090,2026-07-04,1783197704000.0,147
23481217090,2026-07-04,1783197708000.0,147
23481217090,2026-07-04,1783197712000.0,144
23481217090,2026-07-04,1783197716000.0,144
23481217090,2026-07-04,1783197720000.0,141
23481217090,2026-07-04,1783197724000.0,138
23481217090,2026-07-04,1783197728000.0,138
23481217090,2026-07-04,1783197732000.0,137
23481217090,2026-07-04,1783197736000.0,136
23481217090,2026-07-04,1783197740000.0,138
23481217090,2026-07-04,1783197744000.0,137
23481217090,2026-07-04,1783197748000.0,138
23481217090,2026-07-04,1783197752000.0,139
23481217090,2026-07-04,1783197756000.0,137
23481217090,2026-07-04,1783197760000.0,136
23481217090,2026-07-04,1783197764000.0,138
23481217090,2026-07-04,1783197768000.0,141
23481217090,2026-07-04,1783197772000.0,143
23481217090,2026-07-04,1783197776000.0,145
23481217090,2026-07-04,1783197780000.0,146
23481217090,2026-07-04,1783197784000.0,147
23481217090,2026-07-04,1783197788000.0,148
23481217090,2026-07-04,1783197792000.0,148
23481217090,2026-07-04,1783197796000.0,148
23481217090,2026-07-04,1783197800000.0,148
23481217090,2026-07-04,1783197804000.0,149
23481217090,2026-07-04,1783197808000.0,149
23481217090,2026-07-04,1783197812000.0,147
23481217090,2026-07-04,1783197816000.0,146
23481217090,2026-07-04,1783197820000.0,146
23481217090,2026-07-04,1783197824000.0,146
23481217090,2026-07-04,1783197828000.0,146
23481217090,2026-07-04,1783197832000.0,144
23481217090,2026-07-04,1783197836000.0,142
23481217090,2026-07-04,1783197840000.0,141
23481217090,2026-07-04,1783197844000.0,142
23481217090,2026-07-04,1783197848000.0,144
23481217090,2026-07-04,1783197852000.0,146
23481217090,2026-07-04,1783197856000.0,146
23481217090,2026-07-04,1783197860000.0,146
23481217090,2026-07-04,1783197864000.0,146
23481217090,2026-07-04,1783197868000.0,145
23481217090,2026-07-04,1783197872000.0,146
23481217090,2026-07-04,1783197876000.0,146
23481217090,2026-07-04,1783197880000.0,145
23481217090,2026-07-04,1783197884000.0,145
23481217090,2026-07-04,1783197888000.0,145
23481217090,2026-07-04,1783197892000.0,147
23481217090,2026-07-04,1783197896000.0,147
23481217090,2026-07-04,1783197900000.0,147
23481217090,2026-07-04,1783197904000.0,148
23481217090,2026-07-04,1783197908000.0,148
23481217090,2026-07-04,1783197912000.0,148
23481217090,2026-07-04,1783197916000.0,149
23481217090,2026-07-04,1783197920000.0,148
23481217090,2026-07-04,1783197924000.0,149
23481217090,2026-07-04,1783197928000.0,149
23481217090,2026-07-04,1783197932000.0,149
23481217090,2026-07-04,1783197936000.0,150
23481217090,2026-07-04,1783197940000.0,150
23481217090,2026-07-04,1783197944000.0,149
23481217090,2026-07-04,1783197948000.0,149
23481217090,2026-07-04,1783197952000.0,149
23481217090,2026-07-04,1783197956000.0,149
23481217090,2026-07-04,1783197960000.0,149
23481217090,2026-07-04,1783197964000.0,148
23481217090,2026-07-04,1783197968000.0,147
23481217090,2026-07-04,1783197972000.0,147
23481217090,2026-07-04,1783197976000.0,146
23481217090,2026-07-04,1783197980000.0,145
23481217090,2026-07-04,1783197984000.0,144
23481217090,2026-07-04,1783197988000.0,145
23481217090,2026-07-04,1783197992000.0,147
23481217090,2026-07-04,1783197996000.0,149
23481217090,2026-07-04,1783198000000.0,149
23481217090,2026-07-04,1783198004000.0,149
23481217090,2026-07-04,1783198008000.0,149
23481217090,2026-07-04,1783198012000.0,151
23481217090,2026-07-04,1783198016000.0,151
23481217090,2026-07-04,1783198020000.0,151
23481217090,2026-07-04,1783198024000.0,150
23481217090,2026-07-04,1783198028000.0,149
23481217090,2026-07-04,1783198032000.0,149
23481217090,2026-07-04,1783198036000.0,148
23481217090,2026-07-04,1783198040000.0,146
23481217090,2026-07-04,1783198044000.0,145
23481217090,2026-07-04,1783198048000.0,146
23481217090,2026-07-04,1783198052000.0,146
23481217090,2026-07-04,1783198056000.0,147
23481217090,2026-07-04,1783198060000.0,148
23481217090,2026-07-04,1783198064000.0,149
23481217090,2026-07-04,1783198068000.0,149
23481217090,2026-07-04,1783198072000.0,149
23481217090,2026-07-04,1783198076000.0,148
23481217090,2026-07-04,1783198080000.0,148
23481217090,2026-07-04,1783198084000.0,147
23481217090,2026-07-04,1783198088000.0,147
23481217090,2026-07-04,1783198092000.0,147
23481217090,2026-07-04,1783198096000.0,147
23481217090,2026-07-04,1783198100000.0,148
23481217090,2026-07-04,1783198104000.0,147
23481217090,2026-07-04,1783198108000.0,147
23481217090,2026-07-04,1783198112000.0,147
23481217090,2026-07-04,1783198116000.0,146
23481217090,2026-07-04,1783198120000.0,146
23481217090,2026-07-04,1783198124000.0,145
23481217090,2026-07-04,1783198128000.0,145
23481217090,2026-07-04,1783198132000.0,145
23481217090,2026-07-04,1783198136000.0,146
23481217090,2026-07-04,1783198140000.0,147
23481217090,2026-07-04,1783198144000.0,147
23481217090,2026-07-04,1783198148000.0,147
23481217090,2026-07-04,1783198152000.0,148
23481217090,2026-07-04,1783198156000.0,148
23481217090,2026-07-04,1783198160000.0,149
23481217090,2026-07-04,1783198164000.0,150
23481217090,2026-07-04,1783198168000.0,150
23481217090,2026-07-04,1783198172000.0,150
23481217090,2026-07-04,1783198176000.0,149
23481217090,2026-07-04,1783198180000.0,150
23481217090,2026-07-04,1783198184000.0,149
23481217090,2026-07-04,1783198188000.0,149
23481217090,2026-07-04,1783198192000.0,150
23481217090,2026-07-04,1783198196000.0,150
23481217090,2026-07-04,1783198200000.0,149
23481217090,2026-07-04,1783198204000.0,147
23481217090,2026-07-04,1783198208000.0,145
23481217090,2026-07-04,1783198212000.0,141
23481217090,2026-07-04,1783198216000.0,138
23481217090,2026-07-04,1783198220000.0,135
23481217090,2026-07-04,1783198224000.0,132
23481217090,2026-07-04,1783198228000.0,127
23481217090,2026-07-04,1783198232000.0,125
23481217090,2026-07-04,1783198236000.0,123
23481217090,2026-07-04,1783198240000.0,120
23481217090,2026-07-04,1783198244000.0,118
23481217090,2026-07-04,1783198248000.0,119
23481217090,2026-07-04,1783198252000.0,119
23481217090,2026-07-04,1783198256000.0,118
23481217090,2026-07-04,1783198259000.0,118
23481217090,2026-07-04,1783198260000.0,118
23481217090,2026-07-04,1783198264000.0,117
23481217090,2026-07-04,1783198268000.0,120
23481217090,2026-07-04,1783198272000.0,126
23481217090,2026-07-04,1783198276000.0,128
23481217090,2026-07-04,1783198280000.0,129
23481217090,2026-07-04,1783198284000.0,130
23481217090,2026-07-04,1783198288000.0,130
23481217090,2026-07-04,1783198292000.0,132
23481217090,2026-07-04,1783198296000.0,135
23481217090,2026-07-04,1783198300000.0,137
23481217090,2026-07-04,1783198304000.0,140
23481217090,2026-07-04,1783198308000.0,142
23481217090,2026-07-04,1783198312000.0,143
23481217090,2026-07-04,1783198316000.0,143
23481217090,2026-07-04,1783198320000.0,144
23481217090,2026-07-04,1783198324000.0,146
23481217090,2026-07-04,1783198328000.0,146
23481217090,2026-07-04,1783198332000.0,145
23481217090,2026-07-04,1783198336000.0,144
23481217090,2026-07-04,1783198340000.0,144
23481217090,2026-07-04,1783198344000.0,145
23481217090,2026-07-04,1783198348000.0,145
23481217090,2026-07-04,1783198352000.0,144
23481217090,2026-07-04,1783198356000.0,144
23481217090,2026-07-04,1783198360000.0,145
23481217090,2026-07-04,1783198364000.0,146
23481217090,2026-07-04,1783198368000.0,147
23481217090,2026-07-04,1783198372000.0,147
23481217090,2026-07-04,1783198376000.0,147
23481217090,2026-07-04,1783198380000.0,147
23481217090,2026-07-04,1783198384000.0,148
23481217090,2026-07-04,1783198388000.0,148
23481217090,2026-07-04,1783198392000.0,147
23481217090,2026-07-04,1783198396000.0,147
23481217090,2026-07-04,1783198400000.0,148
23481217090,2026-07-04,1783198404000.0,148
23481217090,2026-07-04,1783198408000.0,149
23481217090,2026-07-04,1783198412000.0,149
23481217090,2026-07-04,1783198416000.0,149
23481217090,2026-07-04,1783198420000.0,150
23481217090,2026-07-04,1783198424000.0,150
23481217090,2026-07-04,1783198428000.0,150
23481217090,2026-07-04,1783198432000.0,149
23481217090,2026-07-04,1783198436000.0,150
23481217090,2026-07-04,1783198440000.0,147
23481217090,2026-07-04,1783198444000.0,147
23481217090,2026-07-04,1783198448000.0,148
23481217090,2026-07-04,1783198452000.0,148
23481217090,2026-07-04,1783198456000.0,148
23481217090,2026-07-04,1783198460000.0,148
23481217090,2026-07-04,1783198464000.0,148
23481217090,2026-07-04,1783198468000.0,149
23481217090,2026-07-04,1783198472000.0,149
23481217090,2026-07-04,1783198476000.0,148
23481217090,2026-07-04,1783198480000.0,148
23481217090,2026-07-04,1783198484000.0,148
23481217090,2026-07-04,1783198488000.0,149
23481217090,2026-07-04,1783198492000.0,149
23481217090,2026-07-04,1783198496000.0,149
23481217090,2026-07-04,1783198500000.0,148
23481217090,2026-07-04,1783198504000.0,146
23481217090,2026-07-04,1783198508000.0,146
23481217090,2026-07-04,1783198512000.0,146
23481217090,2026-07-04,1783198516000.0,147
23481217090,2026-07-04,1783198520000.0,146
23481217090,2026-07-04,1783198524000.0,146
23481217090,2026-07-04,1783198528000.0,147
23481217090,2026-07-04,1783198532000.0,147
23481217090,2026-07-04,1783198536000.0,146
23481217090,2026-07-04,1783198540000.0,147
23481217090,2026-07-04,1783198544000.0,146
23481217090,2026-07-04,1783198548000.0,144
23481217090,2026-07-04,1783198552000.0,143
23481217090,2026-07-04,1783198556000.0,144
23481217090,2026-07-04,1783198560000.0,144
23481217090,2026-07-04,1783198564000.0,143
23481217090,2026-07-04,1783198568000.0,142
23481217090,2026-07-04,1783198572000.0,140
23481217090,2026-07-04,1783198576000.0,131
23481217090,2026-07-04,1783198580000.0,128
23481217090,2026-07-04,1783198584000.0,118
23481217090,2026-07-04,1783198588000.0,116
23481217090,2026-07-04,1783198592000.0,117
23481217090,2026-07-04,1783198596000.0,123
23481217090,2026-07-04,1783198600000.0,128
23481217090,2026-07-04,1783198604000.0,128
23481217090,2026-07-04,1783198608000.0,130
23481217090,2026-07-04,1783198612000.0,132
23481217090,2026-07-04,1783198616000.0,133
23481217090,2026-07-04,1783198620000.0,127
23481217090,2026-07-04,1783198624000.0,124
23481217090,2026-07-04,1783198628000.0,126
23481217090,2026-07-04,1783198632000.0,128
23481217090,2026-07-04,1783198636000.0,131
23481217090,2026-07-04,1783198640000.0,132
23481217090,2026-07-04,1783198644000.0,133
23481217090,2026-07-04,1783198648000.0,134
23481217090,2026-07-04,1783198652000.0,135
23481217090,2026-07-04,1783198656000.0,134
23481217090,2026-07-04,1783198660000.0,137
23481217090,2026-07-04,1783198664000.0,138
23481217090,2026-07-04,1783198668000.0,140
23481217090,2026-07-04,1783198672000.0,141
23481217090,2026-07-04,1783198676000.0,142
23481217090,2026-07-04,1783198680000.0,143
23481217090,2026-07-04,1783198684000.0,144
23481217090,2026-07-04,1783198688000.0,145
23481217090,2026-07-04,1783198692000.0,147
23481217090,2026-07-04,1783198696000.0,148
23481217090,2026-07-04,1783198700000.0,149
23481217090,2026-07-04,1783198704000.0,150
23481217090,2026-07-04,1783198708000.0,151
23481217090,2026-07-04,1783198712000.0,152
23481217090,2026-07-04,1783198716000.0,153
23481217090,2026-07-04,1783198720000.0,154
23481217090,2026-07-04,1783198724000.0,154
23481217090,2026-07-04,1783198725000.0,155
23481217090,2026-07-04,1783198728000.0,154
23481217090,2026-07-04,1783198732000.0,154
23481217090,2026-07-04,1783198736000.0,152
23481217090,2026-07-04,1783198740000.0,151
23481217090,2026-07-04,1783198744000.0,151
23481217090,2026-07-04,1783198748000.0,151
23481217090,2026-07-04,1783198752000.0,151
23481217090,2026-07-04,1783198756000.0,148
23481217090,2026-07-04,1783198760000.0,147
23481217090,2026-07-04,1783198764000.0,147
23481217090,2026-07-04,1783198768000.0,148
23481217090,2026-07-04,1783198772000.0,149
23481217090,2026-07-04,1783198776000.0,150
23481217090,2026-07-04,1783198780000.0,149
23481217090,2026-07-04,1783198784000.0,148
23481217090,2026-07-04,1783198788000.0,147
23481217090,2026-07-04,1783198792000.0,146
23481217090,2026-07-04,1783198796000.0,145
23481217090,2026-07-04,1783198800000.0,145
23481217090,2026-07-04,1783198804000.0,146
23481217090,2026-07-04,1783198808000.0,146
23481217090,2026-07-04,1783198812000.0,145
23481217090,2026-07-04,1783198816000.0,145
23481217090,2026-07-04,1783198820000.0,145
23481217090,2026-07-04,1783198824000.0,145
23481217090,2026-07-04,1783198828000.0,145
23481217090,2026-07-04,1783198832000.0,146
23481217090,2026-07-04,1783198836000.0,146
23481217090,2026-07-04,1783198840000.0,146
23481217090,2026-07-04,1783198844000.0,147
23481217090,2026-07-04,1783198848000.0,146
23481217090,2026-07-04,1783198852000.0,147
23481217090,2026-07-04,1783198856000.0,146
23481217090,2026-07-04,1783198860000.0,146
23481217090,2026-07-04,1783198864000.0,146
23481217090,2026-07-04,1783198868000.0,147
23481217090,2026-07-04,1783198872000.0,147
23481217090,2026-07-04,1783198876000.0,146
23481217090,2026-07-04,1783198880000.0,142
23481217090,2026-07-04,1783198884000.0,139
23481217090,2026-07-04,1783198888000.0,136
23481217090,2026-07-04,1783198892000.0,136
23481217090,2026-07-04,1783198896000.0,134
23481217090,2026-07-04,1783198900000.0,133
23481217090,2026-07-04,1783198904000.0,134
23481217090,2026-07-04,1783198908000.0,132
23481217090,2026-07-04,1783198912000.0,131
23481217090,2026-07-04,1783198916000.0,130
23481217090,2026-07-04,1783198920000.0,127
23481217090,2026-07-04,1783198924000.0,124
23481217090,2026-07-04,1783198928000.0,123
23481217090,2026-07-04,1783198932000.0,128
23481217090,2026-07-04,1783198936000.0,130
23481217090,2026-07-04,1783198940000.0,131
23481217090,2026-07-04,1783198944000.0,134
23481217090,2026-07-04,1783198948000.0,134
23481217090,2026-07-04,1783198952000.0,134
23481217090,2026-07-04,1783198956000.0,138
23481217090,2026-07-04,1783198960000.0,139
23481217090,2026-07-04,1783198964000.0,139
23481217090,2026-07-04,1783198968000.0,141
23481217090,2026-07-04,1783198972000.0,143
23481217090,2026-07-04,1783198976000.0,145
23481217090,2026-07-04,1783198980000.0,145
23481217090,2026-07-04,1783198984000.0,145
23481217090,2026-07-04,1783198988000.0,144
23481217090,2026-07-04,1783198992000.0,144
23481217090,2026-07-04,1783198996000.0,143
23481217090,2026-07-04,1783199000000.0,144
23481217090,2026-07-04,1783199004000.0,144
23481217090,2026-07-04,1783199008000.0,145
23481217090,2026-07-04,1783199012000.0,146
23481217090,2026-07-04,1783199016000.0,147
23481217090,2026-07-04,1783199020000.0,147
23481217090,2026-07-04,1783199024000.0,147
23481217090,2026-07-04,1783199028000.0,148
23481217090,2026-07-04,1783199032000.0,149
23481217090,2026-07-04,1783199036000.0,148
23481217090,2026-07-04,1783199040000.0,148
23481217090,2026-07-04,1783199044000.0,149
23481217090,2026-07-04,1783199048000.0,149
23481217090,2026-07-04,1783199052000.0,149
23481217090,2026-07-04,1783199056000.0,149
23481217090,2026-07-04,1783199060000.0,148
23481217090,2026-07-04,1783199064000.0,148
23481217090,2026-07-04,1783199068000.0,147
23481217090,2026-07-04,1783199072000.0,147
23481217090,2026-07-04,1783199076000.0,148
23481217090,2026-07-04,1783199080000.0,149
23481217090,2026-07-04,1783199084000.0,149
23481217090,2026-07-04,1783199088000.0,149
23481217090,2026-07-04,1783199092000.0,150
23481217090,2026-07-04,1783199096000.0,149
23481217090,2026-07-04,1783199100000.0,149
23481217090,2026-07-04,1783199104000.0,148
23481217090,2026-07-04,1783199108000.0,149
23481217090,2026-07-04,1783199112000.0,150
23481217090,2026-07-04,1783199116000.0,149
23481217090,2026-07-04,1783199120000.0,149
23481217090,2026-07-04,1783199124000.0,149
23481217090,2026-07-04,1783199128000.0,150
23481217090,2026-07-04,1783199132000.0,150
23481217090,2026-07-04,1783199136000.0,150
23481217090,2026-07-04,1783199140000.0,150
23481217090,2026-07-04,1783199144000.0,152
23481217090,2026-07-04,1783199148000.0,153
23481217090,2026-07-04,1783199152000.0,153
23481217090,2026-07-04,1783199156000.0,153
23481217090,2026-07-04,1783199160000.0,154
23481217090,2026-07-04,1783199164000.0,153
23481217090,2026-07-04,1783199168000.0,153
23481217090,2026-07-04,1783199172000.0,152
23481217090,2026-07-04,1783199176000.0,153
23481217090,2026-07-04,1783199180000.0,152
23481217090,2026-07-04,1783199184000.0,152
23481217090,2026-07-04,1783199188000.0,151
23481217090,2026-07-04,1783199192000.0,151
23481217090,2026-07-04,1783199196000.0,150
23481217090,2026-07-04,1783199200000.0,147
23481217090,2026-07-04,1783199204000.0,148
23481217090,2026-07-04,1783199208000.0,147
23481217090,2026-07-04,1783199212000.0,145
23481217090,2026-07-04,1783199216000.0,147
23481217090,2026-07-04,1783199220000.0,148
23481217090,2026-07-04,1783199224000.0,149
23481217090,2026-07-04,1783199228000.0,148
23481217090,2026-07-04,1783199232000.0,148
23481217090,2026-07-04,1783199236000.0,147
23481217090,2026-07-04,1783199240000.0,147
23481217090,2026-07-04,1783199244000.0,147
23481217090,2026-07-04,1783199248000.0,146
23481217090,2026-07-04,1783199252000.0,146
23481217090,2026-07-04,1783199256000.0,145
23481217090,2026-07-04,1783199260000.0,145
23481217090,2026-07-04,1783199264000.0,145
23481217090,2026-07-04,1783199268000.0,145
23481217090,2026-07-04,1783199272000.0,147
23481217090,2026-07-04,1783199276000.0,148
23481217090,2026-07-04,1783199280000.0,149
23481217090,2026-07-04,1783199284000.0,149
23481217090,2026-07-04,1783199288000.0,149
23481217090,2026-07-04,1783199292000.0,149
23481217090,2026-07-04,1783199296000.0,148
23481217090,2026-07-04,1783199300000.0,147
23481217090,2026-07-04,1783199304000.0,147
23481217090,2026-07-04,1783199308000.0,147
23481217090,2026-07-04,1783199312000.0,145
23481217090,2026-07-04,1783199316000.0,143
23481217090,2026-07-04,1783199318000.0,142
23481217090,2026-07-04,1783199320000.0,142
23481217090,2026-07-04,1783199324000.0,140
23481217090,2026-07-04,1783199328000.0,139
23481217090,2026-07-04,1783199332000.0,137
23481217090,2026-07-04,1783199336000.0,134
23481217090,2026-07-04,1783199340000.0,133
23481217090,2026-07-04,1783199344000.0,129
23481217090,2026-07-04,1783199348000.0,128
23481217090,2026-07-04,1783199352000.0,128
23481217090,2026-07-04,1783199356000.0,128
23481217090,2026-07-04,1783199360000.0,128
23481217090,2026-07-04,1783199364000.0,127
23481217090,2026-07-04,1783199368000.0,127
23481217090,2026-07-04,1783199372000.0,130
23481217090,2026-07-04,1783199376000.0,130
23481217090,2026-07-04,1783199380000.0,131
23481217090,2026-07-04,1783199384000.0,127
23481217090,2026-07-04,1783199388000.0,124
23481217090,2026-07-04,1783199392000.0,126
23481217090,2026-07-04,1783199396000.0,128
23481217090,2026-07-04,1783199400000.0,126
23481217090,2026-07-04,1783199404000.0,125
23481217090,2026-07-04,1783199408000.0,126
23481217090,2026-07-04,1783199412000.0,128
23481217090,2026-07-04,1783199416000.0,128
23481217090,2026-07-04,1783199420000.0,128
23481217090,2026-07-04,1783199424000.0,127
23481217090,2026-07-04,1783199428000.0,129
23481217090,2026-07-04,1783199432000.0,130
23481217090,2026-07-04,1783199436000.0,130
23481217090,2026-07-04,1783199440000.0,128
23481217090,2026-07-04,1783199444000.0,126
23481217090,2026-07-04,1783199448000.0,123
23481217090,2026-07-04,1783199450000.0,122
23481217090,2026-07-04,1783199452000.0,121
23481217090,2026-07-04,1783199456000.0,123
23481217090,2026-07-04,1783199460000.0,123
23481217090,2026-07-04,1783199464000.0,123
23481217090,2026-07-04,1783199468000.0,125
23481217090,2026-07-04,1783199472000.0,126
23481217090,2026-07-04,1783199476000.0,127
23481217090,2026-07-04,1783199480000.0,129
23481217090,2026-07-04,1783199484000.0,132
23481217090,2026-07-04,1783199488000.0,134
23481217090,2026-07-04,1783199492000.0,135
23481217090,2026-07-04,1783199496000.0,137
23481217090,2026-07-04,1783199500000.0,138
23481217090,2026-07-04,1783199504000.0,138
23481217090,2026-07-04,1783199508000.0,139
23481217090,2026-07-04,1783199512000.0,140
23481217090,2026-07-04,1783199516000.0,140
23481217090,2026-07-04,1783199520000.0,141
23481217090,2026-07-04,1783199524000.0,141
23481217090,2026-07-04,1783199528000.0,141
23481217090,2026-07-04,1783199532000.0,142
23481217090,2026-07-04,1783199536000.0,143
23481217090,2026-07-04,1783199540000.0,141
23481217090,2026-07-04,1783199544000.0,141
23481217090,2026-07-04,1783199548000.0,142
23481217090,2026-07-04,1783199552000.0,142
23481217090,2026-07-04,1783199556000.0,142
23481217090,2026-07-04,1783199560000.0,140
23481217090,2026-07-04,1783199564000.0,141
23481217090,2026-07-04,1783199568000.0,141
23481217090,2026-07-04,1783199572000.0,140
23481217090,2026-07-04,1783199576000.0,141
23481217090,2026-07-04,1783199580000.0,141
23481217090,2026-07-04,1783199584000.0,141
23481217090,2026-07-04,1783199588000.0,140
23481217090,2026-07-04,1783199592000.0,139
23481217090,2026-07-04,1783199596000.0,140
23481217090,2026-07-04,1783199600000.0,140
23481217090,2026-07-04,1783199604000.0,141
23481217090,2026-07-04,1783199608000.0,142
23481217090,2026-07-04,1783199612000.0,142
23481217090,2026-07-04,1783199616000.0,143
23481217090,2026-07-04,1783199620000.0,144
23481217090,2026-07-04,1783199624000.0,145
23481217090,2026-07-04,1783199628000.0,144
23481217090,2026-07-04,1783199632000.0,143
23481217090,2026-07-04,1783199636000.0,144
23481217090,2026-07-04,1783199640000.0,146
23481217090,2026-07-04,1783199644000.0,145
23481217090,2026-07-04,1783199648000.0,144
23481217090,2026-07-04,1783199652000.0,145
23481217090,2026-07-04,1783199656000.0,146
23481217090,2026-07-04,1783199660000.0,146
23481217090,2026-07-04,1783199664000.0,145
23481217090,2026-07-04,1783199668000.0,145
23481217090,2026-07-04,1783199672000.0,144
23481217090,2026-07-04,1783199676000.0,144
23481217090,2026-07-04,1783199680000.0,145
23481217090,2026-07-04,1783199684000.0,146
23481217090,2026-07-04,1783199688000.0,145
23481217090,2026-07-04,1783199692000.0,145
23481217090,2026-07-04,1783199696000.0,144
23481217090,2026-07-04,1783199700000.0,142
23481217090,2026-07-04,1783199704000.0,140
23481217090,2026-07-04,1783199708000.0,138
23481217090,2026-07-04,1783199712000.0,136
23481217090,2026-07-04,1783199716000.0,137
23481217090,2026-07-04,1783199720000.0,136
23481217090,2026-07-04,1783199724000.0,135
23481217090,2026-07-04,1783199728000.0,134
23481217090,2026-07-04,1783199732000.0,133
23481217090,2026-07-04,1783199736000.0,133
23481217090,2026-07-04,1783199740000.0,134
23481217090,2026-07-04,1783199744000.0,134
23481217090,2026-07-04,1783199748000.0,134
23481217090,2026-07-04,1783199752000.0,135
23481217090,2026-07-04,1783199756000.0,136
23481217090,2026-07-04,1783199760000.0,136
23481217090,2026-07-04,1783199764000.0,137
23481217090,2026-07-04,1783199768000.0,138
23481217090,2026-07-04,1783199772000.0,140
23481217090,2026-07-04,1783199776000.0,140
23481217090,2026-07-04,1783199780000.0,141
23481217090,2026-07-04,1783199784000.0,141
23481217090,2026-07-04,1783199788000.0,142
23481217090,2026-07-04,1783199792000.0,141
23481217090,2026-07-04,1783199796000.0,142
23481217090,2026-07-04,1783199800000.0,143
23481217090,2026-07-04,1783199804000.0,144
23481217090,2026-07-04,1783199808000.0,146
23481217090,2026-07-04,1783199812000.0,147
23481217090,2026-07-04,1783199816000.0,144
23481217090,2026-07-04,1783199818000.0,144
23481217090,2026-07-04,1783199820000.0,144
23481217090,2026-07-04,1783199824000.0,144
23481217090,2026-07-04,1783199828000.0,145
23481217090,2026-07-04,1783199832000.0,145
23481217090,2026-07-04,1783199836000.0,146
23481217090,2026-07-04,1783199840000.0,147
23481217090,2026-07-04,1783199844000.0,144
23481217090,2026-07-04,1783199847000.0,144
23457896369,2026-07-02,1783016529000.0,91
23457896369,2026-07-02,1783016530000.0,90
23457896369,2026-07-02,1783016533000.0,91
23457896369,2026-07-02,1783016534000.0,92
23457896369,2026-07-02,1783016536000.0,96
23457896369,2026-07-02,1783016539000.0,102
23457896369,2026-07-02,1783016542000.0,107
23457896369,2026-07-02,1783016545000.0,111
23457896369,2026-07-02,1783016548000.0,113
23457896369,2026-07-02,1783016551000.0,113
23457896369,2026-07-02,1783016554000.0,114
23457896369,2026-07-02,1783016557000.0,115
23457896369,2026-07-02,1783016560000.0,116
23457896369,2026-07-02,1783016563000.0,118
23457896369,2026-07-02,1783016566000.0,120
23457896369,2026-07-02,1783016569000.0,121
23457896369,2026-07-02,1783016572000.0,122
23457896369,2026-07-02,1783016575000.0,123
23457896369,2026-07-02,1783016578000.0,124
23457896369,2026-07-02,1783016581000.0,126
23457896369,2026-07-02,1783016584000.0,127
23457896369,2026-07-02,1783016587000.0,128
23457896369,2026-07-02,1783016590000.0,129
23457896369,2026-07-02,1783016593000.0,129
23457896369,2026-07-02,1783016596000.0,129
23457896369,2026-07-02,1783016599000.0,129
23457896369,2026-07-02,1783016602000.0,129
23457896369,2026-07-02,1783016605000.0,130
23457896369,2026-07-02,1783016608000.0,130
23457896369,2026-07-02,1783016611000.0,130
23457896369,2026-07-02,1783016614000.0,131
23457896369,2026-07-02,1783016617000.0,130
23457896369,2026-07-02,1783016620000.0,129
23457896369,2026-07-02,1783016623000.0,128
23457896369,2026-07-02,1783016626000.0,128
23457896369,2026-07-02,1783016629000.0,130
23457896369,2026-07-02,1783016632000.0,130
23457896369,2026-07-02,1783016635000.0,129
23457896369,2026-07-02,1783016638000.0,130
23457896369,2026-07-02,1783016641000.0,131
23457896369,2026-07-02,1783016644000.0,131
23457896369,2026-07-02,1783016647000.0,131
23457896369,2026-07-02,1783016650000.0,131
23457896369,2026-07-02,1783016653000.0,131
23457896369,2026-07-02,1783016656000.0,130
23457896369,2026-07-02,1783016659000.0,128
23457896369,2026-07-02,1783016662000.0,128
23457896369,2026-07-02,1783016665000.0,128
23457896369,2026-07-02,1783016668000.0,128
23457896369,2026-07-02,1783016671000.0,128
23457896369,2026-07-02,1783016674000.0,129
23457896369,2026-07-02,1783016677000.0,129
23457896369,2026-07-02,1783016680000.0,130
23457896369,2026-07-02,1783016683000.0,130
23457896369,2026-07-02,1783016686000.0,130
23457896369,2026-07-02,1783016689000.0,130
23457896369,2026-07-02,1783016692000.0,130
23457896369,2026-07-02,1783016695000.0,131
23457896369,2026-07-02,1783016698000.0,131
23457896369,2026-07-02,1783016701000.0,130
23457896369,2026-07-02,1783016704000.0,131
23457896369,2026-07-02,1783016707000.0,134
23457896369,2026-07-02,1783016710000.0,136
23457896369,2026-07-02,1783016713000.0,135
23457896369,2026-07-02,1783016716000.0,133
23457896369,2026-07-02,1783016719000.0,132
23457896369,2026-07-02,1783016722000.0,132
23457896369,2026-07-02,1783016725000.0,132
23457896369,2026-07-02,1783016728000.0,131
23457896369,2026-07-02,1783016731000.0,131
23457896369,2026-07-02,1783016734000.0,133
23457896369,2026-07-02,1783016737000.0,134
23457896369,2026-07-02,1783016740000.0,132
23457896369,2026-07-02,1783016743000.0,132
23457896369,2026-07-02,1783016746000.0,133
23457896369,2026-07-02,1783016749000.0,132
23457896369,2026-07-02,1783016752000.0,131
23457896369,2026-07-02,1783016755000.0,130
23457896369,2026-07-02,1783016758000.0,129
23457896369,2026-07-02,1783016761000.0,127
23457896369,2026-07-02,1783016764000.0,126
23457896369,2026-07-02,1783016767000.0,127
23457896369,2026-07-02,1783016770000.0,128
23457896369,2026-07-02,1783016773000.0,129
23457896369,2026-07-02,1783016776000.0,128
23457896369,2026-07-02,1783016779000.0,128
23457896369,2026-07-02,1783016782000.0,128
23457896369,2026-07-02,1783016785000.0,130
23457896369,2026-07-02,1783016788000.0,130
23457896369,2026-07-02,1783016791000.0,129
23457896369,2026-07-02,1783016794000.0,127
23457896369,2026-07-02,1783016797000.0,126
23457896369,2026-07-02,1783016800000.0,126
23457896369,2026-07-02,1783016803000.0,127
23457896369,2026-07-02,1783016806000.0,127
23457896369,2026-07-02,1783016809000.0,129
23457896369,2026-07-02,1783016812000.0,130
23457896369,2026-07-02,1783016815000.0,133
23457896369,2026-07-02,1783016818000.0,134
23457896369,2026-07-02,1783016821000.0,135
23457896369,2026-07-02,1783016824000.0,134
23457896369,2026-07-02,1783016827000.0,132
23457896369,2026-07-02,1783016830000.0,131
23457896369,2026-07-02,1783016833000.0,130
23457896369,2026-07-02,1783016836000.0,129
23457896369,2026-07-02,1783016839000.0,128
23457896369,2026-07-02,1783016842000.0,131
23457896369,2026-07-02,1783016845000.0,132
23457896369,2026-07-02,1783016848000.0,134
23457896369,2026-07-02,1783016851000.0,135
23457896369,2026-07-02,1783016854000.0,135
23457896369,2026-07-02,1783016857000.0,135
23457896369,2026-07-02,1783016860000.0,135
23457896369,2026-07-02,1783016863000.0,134
23457896369,2026-07-02,1783016866000.0,135
23457896369,2026-07-02,1783016869000.0,136
23457896369,2026-07-02,1783016872000.0,137
23457896369,2026-07-02,1783016875000.0,138
23457896369,2026-07-02,1783016878000.0,139
23457896369,2026-07-02,1783016881000.0,139
23457896369,2026-07-02,1783016884000.0,140
23457896369,2026-07-02,1783016887000.0,140
23457896369,2026-07-02,1783016890000.0,140
23457896369,2026-07-02,1783016893000.0,140
23457896369,2026-07-02,1783016896000.0,141
23457896369,2026-07-02,1783016899000.0,141
23457896369,2026-07-02,1783016902000.0,140
23457896369,2026-07-02,1783016905000.0,140
23457896369,2026-07-02,1783016908000.0,140
23457896369,2026-07-02,1783016911000.0,140
23457896369,2026-07-02,1783016914000.0,140
23457896369,2026-07-02,1783016917000.0,140
23457896369,2026-07-02,1783016920000.0,140
23457896369,2026-07-02,1783016923000.0,138
23457896369,2026-07-02,1783016926000.0,135
23457896369,2026-07-02,1783016929000.0,135
23457896369,2026-07-02,1783016932000.0,137
23457896369,2026-07-02,1783016935000.0,136
23457896369,2026-07-02,1783016938000.0,135
23457896369,2026-07-02,1783016941000.0,134
23457896369,2026-07-02,1783016944000.0,135
23457896369,2026-07-02,1783016947000.0,135
23457896369,2026-07-02,1783016950000.0,136
23457896369,2026-07-02,1783016953000.0,134
23457896369,2026-07-02,1783016956000.0,132
23457896369,2026-07-02,1783016959000.0,132
23457896369,2026-07-02,1783016962000.0,130
23457896369,2026-07-02,1783016965000.0,130
23457896369,2026-07-02,1783016968000.0,130
23457896369,2026-07-02,1783016971000.0,131
23457896369,2026-07-02,1783016974000.0,132
23457896369,2026-07-02,1783016977000.0,133
23457896369,2026-07-02,1783016980000.0,133
23457896369,2026-07-02,1783016983000.0,132
23457896369,2026-07-02,1783016986000.0,132
23457896369,2026-07-02,1783016989000.0,133
23457896369,2026-07-02,1783016992000.0,132
23457896369,2026-07-02,1783016995000.0,133
23457896369,2026-07-02,1783016998000.0,132
23457896369,2026-07-02,1783017001000.0,131
23457896369,2026-07-02,1783017004000.0,129
23457896369,2026-07-02,1783017007000.0,129
23457896369,2026-07-02,1783017010000.0,129
23457896369,2026-07-02,1783017013000.0,127
23457896369,2026-07-02,1783017016000.0,124
23457896369,2026-07-02,1783017019000.0,121
23457896369,2026-07-02,1783017022000.0,119
23457896369,2026-07-02,1783017025000.0,115
23457896369,2026-07-02,1783017028000.0,113
23457896369,2026-07-02,1783017031000.0,111
23457896369,2026-07-02,1783017034000.0,112
23457896369,2026-07-02,1783017037000.0,112
23457896369,2026-07-02,1783017040000.0,112
23457896369,2026-07-02,1783017043000.0,111
23457896369,2026-07-02,1783017046000.0,114
23457896369,2026-07-02,1783017049000.0,117
23457896369,2026-07-02,1783017052000.0,119
23457896369,2026-07-02,1783017055000.0,120
23457896369,2026-07-02,1783017058000.0,121
23457896369,2026-07-02,1783017061000.0,123
23457896369,2026-07-02,1783017064000.0,125
23457896369,2026-07-02,1783017067000.0,125
23457896369,2026-07-02,1783017070000.0,126
23457896369,2026-07-02,1783017073000.0,128
23457896369,2026-07-02,1783017076000.0,130
23457896369,2026-07-02,1783017079000.0,130
23457896369,2026-07-02,1783017082000.0,131
23457896369,2026-07-02,1783017085000.0,132
23457896369,2026-07-02,1783017088000.0,131
23457896369,2026-07-02,1783017091000.0,132
23457896369,2026-07-02,1783017094000.0,132
23457896369,2026-07-02,1783017097000.0,131
23457896369,2026-07-02,1783017100000.0,132
23457896369,2026-07-02,1783017103000.0,133
23457896369,2026-07-02,1783017106000.0,134
23457896369,2026-07-02,1783017109000.0,135
23457896369,2026-07-02,1783017112000.0,134
23457896369,2026-07-02,1783017115000.0,136
23457896369,2026-07-02,1783017118000.0,137
23457896369,2026-07-02,1783017121000.0,137
23457896369,2026-07-02,1783017124000.0,137
23457896369,2026-07-02,1783017127000.0,137
23457896369,2026-07-02,1783017130000.0,138
23457896369,2026-07-02,1783017133000.0,139
23457896369,2026-07-02,1783017136000.0,139
23457896369,2026-07-02,1783017139000.0,139
23457896369,2026-07-02,1783017142000.0,139
23457896369,2026-07-02,1783017145000.0,140
23457896369,2026-07-02,1783017148000.0,140
23457896369,2026-07-02,1783017151000.0,140
23457896369,2026-07-02,1783017154000.0,140
23457896369,2026-07-02,1783017157000.0,140
23457896369,2026-07-02,1783017160000.0,139
23457896369,2026-07-02,1783017163000.0,140
23457896369,2026-07-02,1783017166000.0,141
23457896369,2026-07-02,1783017169000.0,142
23457896369,2026-07-02,1783017172000.0,142
23457896369,2026-07-02,1783017175000.0,142
23457896369,2026-07-02,1783017178000.0,142
23457896369,2026-07-02,1783017181000.0,141
23457896369,2026-07-02,1783017184000.0,141
23457896369,2026-07-02,1783017186000.0,141
23457896369,2026-07-02,1783017187000.0,141
23457896369,2026-07-02,1783017190000.0,140
23457896369,2026-07-02,1783017193000.0,140
23457896369,2026-07-02,1783017196000.0,139
23457896369,2026-07-02,1783017199000.0,138
23457896369,2026-07-02,1783017202000.0,138
23457896369,2026-07-02,1783017205000.0,136
23457896369,2026-07-02,1783017208000.0,134
23457896369,2026-07-02,1783017211000.0,131
23457896369,2026-07-02,1783017214000.0,130
23457896369,2026-07-02,1783017217000.0,127
23457896369,2026-07-02,1783017220000.0,125
23457896369,2026-07-02,1783017223000.0,124
23457896369,2026-07-02,1783017226000.0,124
23457896369,2026-07-02,1783017229000.0,125
23457896369,2026-07-02,1783017232000.0,123
23457896369,2026-07-02,1783017235000.0,122
23457896369,2026-07-02,1783017238000.0,122
23457896369,2026-07-02,1783017241000.0,121
23457896369,2026-07-02,1783017244000.0,119
23457896369,2026-07-02,1783017247000.0,120
23457896369,2026-07-02,1783017250000.0,121
23457896369,2026-07-02,1783017253000.0,120
23457896369,2026-07-02,1783017256000.0,120
23457896369,2026-07-02,1783017259000.0,121
23457896369,2026-07-02,1783017262000.0,122
23457896369,2026-07-02,1783017265000.0,123
23457896369,2026-07-02,1783017268000.0,124
23457896369,2026-07-02,1783017271000.0,124
23457896369,2026-07-02,1783017274000.0,123
23457896369,2026-07-02,1783017277000.0,122
23457896369,2026-07-02,1783017280000.0,124
23457896369,2026-07-02,1783017283000.0,126
23457896369,2026-07-02,1783017286000.0,124
23457896369,2026-07-02,1783017289000.0,122
23457896369,2026-07-02,1783017292000.0,120
23457896369,2026-07-02,1783017294000.0,119
23457896369,2026-07-02,1783017295000.0,119
23457896369,2026-07-02,1783017298000.0,121
23457896369,2026-07-02,1783017301000.0,123
23457896369,2026-07-02,1783017304000.0,124
23457896369,2026-07-02,1783017307000.0,122
23457896369,2026-07-02,1783017310000.0,121
23457896369,2026-07-02,1783017313000.0,119
23457896369,2026-07-02,1783017316000.0,113
23457896369,2026-07-02,1783017319000.0,105
23457896369,2026-07-02,1783017322000.0,102
23457896369,2026-07-02,1783017325000.0,102
23457896369,2026-07-02,1783017328000.0,108
23457896369,2026-07-02,1783017331000.0,107
23457896369,2026-07-02,1783017334000.0,106
23457896369,2026-07-02,1783017337000.0,108
23457896369,2026-07-02,1783017340000.0,109
23457896369,2026-07-02,1783017343000.0,111
23457896369,2026-07-02,1783017346000.0,115
23457896369,2026-07-02,1783017349000.0,118
23457896369,2026-07-02,1783017352000.0,121
23457896369,2026-07-02,1783017355000.0,123
23457896369,2026-07-02,1783017358000.0,123
23457896369,2026-07-02,1783017361000.0,123
23457896369,2026-07-02,1783017364000.0,123
23457896369,2026-07-02,1783017367000.0,124
23457896369,2026-07-02,1783017370000.0,126
23457896369,2026-07-02,1783017373000.0,128
23457896369,2026-07-02,1783017376000.0,128
23457896369,2026-07-02,1783017379000.0,128
23457896369,2026-07-02,1783017382000.0,128
23457896369,2026-07-02,1783017385000.0,128
23457896369,2026-07-02,1783017388000.0,128
23457896369,2026-07-02,1783017391000.0,128
23457896369,2026-07-02,1783017394000.0,129
23457896369,2026-07-02,1783017397000.0,129
23457896369,2026-07-02,1783017400000.0,130
23457896369,2026-07-02,1783017403000.0,130
23457896369,2026-07-02,1783017406000.0,128
23457896369,2026-07-02,1783017409000.0,128
23457896369,2026-07-02,1783017412000.0,130
23457896369,2026-07-02,1783017415000.0,131
23457896369,2026-07-02,1783017418000.0,131
23457896369,2026-07-02,1783017421000.0,130
23457896369,2026-07-02,1783017424000.0,130
23457896369,2026-07-02,1783017427000.0,131
23457896369,2026-07-02,1783017430000.0,132
23457896369,2026-07-02,1783017433000.0,132
23457896369,2026-07-02,1783017436000.0,131
23457896369,2026-07-02,1783017439000.0,131
23457896369,2026-07-02,1783017442000.0,132
23457896369,2026-07-02,1783017445000.0,131
23457896369,2026-07-02,1783017448000.0,128
23457896369,2026-07-02,1783017451000.0,126
23457896369,2026-07-02,1783017454000.0,125
23457896369,2026-07-02,1783017457000.0,124
23457896369,2026-07-02,1783017460000.0,123
23457896369,2026-07-02,1783017463000.0,122
23457896369,2026-07-02,1783017466000.0,122
23457896369,2026-07-02,1783017469000.0,121
23457896369,2026-07-02,1783017472000.0,121
23457896369,2026-07-02,1783017475000.0,121
23457896369,2026-07-02,1783017478000.0,122
23457896369,2026-07-02,1783017481000.0,124
23457896369,2026-07-02,1783017484000.0,124
23457896369,2026-07-02,1783017487000.0,124
23457896369,2026-07-02,1783017490000.0,124
23457896369,2026-07-02,1783017493000.0,125
23457896369,2026-07-02,1783017496000.0,125
23457896369,2026-07-02,1783017499000.0,125
23457896369,2026-07-02,1783017502000.0,126
23457896369,2026-07-02,1783017505000.0,126
23457896369,2026-07-02,1783017508000.0,126
23457896369,2026-07-02,1783017511000.0,127
23457896369,2026-07-02,1783017514000.0,126
23457896369,2026-07-02,1783017517000.0,125
23457896369,2026-07-02,1783017520000.0,124
23457896369,2026-07-02,1783017523000.0,124
23457896369,2026-07-02,1783017526000.0,123
23457896369,2026-07-02,1783017529000.0,123
23457896369,2026-07-02,1783017532000.0,122
23457896369,2026-07-02,1783017535000.0,122
23457896369,2026-07-02,1783017538000.0,122
23457896369,2026-07-02,1783017541000.0,123
23457896369,2026-07-02,1783017544000.0,123
23457896369,2026-07-02,1783017547000.0,123
23457896369,2026-07-02,1783017550000.0,123
23457896369,2026-07-02,1783017553000.0,123
23457896369,2026-07-02,1783017556000.0,122
23457896369,2026-07-02,1783017559000.0,123
23457896369,2026-07-02,1783017562000.0,123
23457896369,2026-07-02,1783017565000.0,123
23457896369,2026-07-02,1783017568000.0,123
23457896369,2026-07-02,1783017571000.0,124
23457896369,2026-07-02,1783017574000.0,125
23457896369,2026-07-02,1783017577000.0,124
23457896369,2026-07-02,1783017580000.0,125
23457896369,2026-07-02,1783017583000.0,125
23457896369,2026-07-02,1783017586000.0,125
23457896369,2026-07-02,1783017589000.0,125
23457896369,2026-07-02,1783017592000.0,124
23457896369,2026-07-02,1783017595000.0,123
23457896369,2026-07-02,1783017598000.0,123
23457896369,2026-07-02,1783017601000.0,122
23457896369,2026-07-02,1783017604000.0,121
23457896369,2026-07-02,1783017607000.0,122
23457896369,2026-07-02,1783017610000.0,124
23457896369,2026-07-02,1783017613000.0,124
23457896369,2026-07-02,1783017616000.0,125
23457896369,2026-07-02,1783017619000.0,126
23457896369,2026-07-02,1783017622000.0,127
23457896369,2026-07-02,1783017625000.0,127
23457896369,2026-07-02,1783017628000.0,127
23457896369,2026-07-02,1783017631000.0,128
23457896369,2026-07-02,1783017634000.0,128
23457896369,2026-07-02,1783017637000.0,130
23457896369,2026-07-02,1783017640000.0,130
23457896369,2026-07-02,1783017643000.0,129
23457896369,2026-07-02,1783017646000.0,128
23457896369,2026-07-02,1783017649000.0,127
23457896369,2026-07-02,1783017652000.0,127
23457896369,2026-07-02,1783017655000.0,126
23457896369,2026-07-02,1783017658000.0,127
23457896369,2026-07-02,1783017661000.0,127
23457896369,2026-07-02,1783017664000.0,125
23457896369,2026-07-02,1783017667000.0,126
23457896369,2026-07-02,1783017670000.0,127
23457896369,2026-07-02,1783017673000.0,128
23457896369,2026-07-02,1783017676000.0,128
23457896369,2026-07-02,1783017679000.0,128
23457896369,2026-07-02,1783017682000.0,128
23457896369,2026-07-02,1783017685000.0,129
23457896369,2026-07-02,1783017688000.0,130
23457896369,2026-07-02,1783017691000.0,129
23457896369,2026-07-02,1783017694000.0,130
23457896369,2026-07-02,1783017697000.0,132
23457896369,2026-07-02,1783017700000.0,134
23457896369,2026-07-02,1783017703000.0,135
23457896369,2026-07-02,1783017706000.0,136
23457896369,2026-07-02,1783017709000.0,136
23457896369,2026-07-02,1783017712000.0,137
23457896369,2026-07-02,1783017715000.0,138
23457896369,2026-07-02,1783017718000.0,138
23457896369,2026-07-02,1783017721000.0,138
23457896369,2026-07-02,1783017724000.0,136
23457896369,2026-07-02,1783017727000.0,135
23457896369,2026-07-02,1783017730000.0,134
23457896369,2026-07-02,1783017733000.0,133
23457896369,2026-07-02,1783017736000.0,133
23457896369,2026-07-02,1783017739000.0,131
23457896369,2026-07-02,1783017742000.0,130
23457896369,2026-07-02,1783017745000.0,131
23457896369,2026-07-02,1783017748000.0,132
23457896369,2026-07-02,1783017751000.0,133
23457896369,2026-07-02,1783017754000.0,133
23457896369,2026-07-02,1783017757000.0,133
23457896369,2026-07-02,1783017760000.0,133
23457896369,2026-07-02,1783017763000.0,134
23457896369,2026-07-02,1783017766000.0,132
23457896369,2026-07-02,1783017769000.0,131
23457896369,2026-07-02,1783017772000.0,130
23457896369,2026-07-02,1783017775000.0,131
23457896369,2026-07-02,1783017778000.0,130
23457896369,2026-07-02,1783017781000.0,130
23457896369,2026-07-02,1783017784000.0,130
23457896369,2026-07-02,1783017787000.0,130
23457896369,2026-07-02,1783017790000.0,131
23457896369,2026-07-02,1783017793000.0,131
23457896369,2026-07-02,1783017796000.0,131
23457896369,2026-07-02,1783017799000.0,131
23457896369,2026-07-02,1783017802000.0,132
23457896369,2026-07-02,1783017805000.0,131
23457896369,2026-07-02,1783017808000.0,131
23457896369,2026-07-02,1783017811000.0,131
23457896369,2026-07-02,1783017814000.0,131
23457896369,2026-07-02,1783017817000.0,132
23457896369,2026-07-02,1783017820000.0,132
23457896369,2026-07-02,1783017823000.0,134
23457896369,2026-07-02,1783017826000.0,136
23457896369,2026-07-02,1783017829000.0,138
23457896369,2026-07-02,1783017832000.0,138
23457896369,2026-07-02,1783017835000.0,137
23457896369,2026-07-02,1783017838000.0,137
23457896369,2026-07-02,1783017841000.0,137
23457896369,2026-07-02,1783017844000.0,137
23457896369,2026-07-02,1783017847000.0,136
23457896369,2026-07-02,1783017850000.0,136
23457896369,2026-07-02,1783017853000.0,136
23457896369,2026-07-02,1783017856000.0,136
23457896369,2026-07-02,1783017859000.0,136
23457896369,2026-07-02,1783017862000.0,136
23457896369,2026-07-02,1783017865000.0,136
23457896369,2026-07-02,1783017868000.0,136
23457896369,2026-07-02,1783017871000.0,135
23457896369,2026-07-02,1783017874000.0,134
23457896369,2026-07-02,1783017877000.0,134
23457896369,2026-07-02,1783017880000.0,134
23457896369,2026-07-02,1783017883000.0,133
23457896369,2026-07-02,1783017886000.0,133
23457896369,2026-07-02,1783017889000.0,135
23457896369,2026-07-02,1783017892000.0,136
23457896369,2026-07-02,1783017895000.0,138
23457896369,2026-07-02,1783017898000.0,139
23457896369,2026-07-02,1783017901000.0,139
23457896369,2026-07-02,1783017904000.0,139
23457896369,2026-07-02,1783017907000.0,139
23457896369,2026-07-02,1783017910000.0,139
23457896369,2026-07-02,1783017913000.0,139
23457896369,2026-07-02,1783017916000.0,141
23457896369,2026-07-02,1783017919000.0,141
23457896369,2026-07-02,1783017922000.0,141
23457896369,2026-07-02,1783017925000.0,142
23457896369,2026-07-02,1783017928000.0,142
23457896369,2026-07-02,1783017931000.0,141
23457896369,2026-07-02,1783017934000.0,141
23457896369,2026-07-02,1783017937000.0,140
23457896369,2026-07-02,1783017940000.0,139
23457896369,2026-07-02,1783017943000.0,138
23457896369,2026-07-02,1783017946000.0,137
23457896369,2026-07-02,1783017949000.0,137
23457896369,2026-07-02,1783017952000.0,136
23457896369,2026-07-02,1783017955000.0,136
23457896369,2026-07-02,1783017958000.0,137
23457896369,2026-07-02,1783017961000.0,137
23457896369,2026-07-02,1783017964000.0,138
23457896369,2026-07-02,1783017967000.0,139
23457896369,2026-07-02,1783017970000.0,140
23457896369,2026-07-02,1783017973000.0,139
23457896369,2026-07-02,1783017976000.0,138
23457896369,2026-07-02,1783017979000.0,138
23457896369,2026-07-02,1783017982000.0,138
23457896369,2026-07-02,1783017985000.0,138
23457896369,2026-07-02,1783017988000.0,138
23457896369,2026-07-02,1783017991000.0,139
23457896369,2026-07-02,1783017994000.0,140
23457896369,2026-07-02,1783017997000.0,139
23457896369,2026-07-02,1783018000000.0,137
23457896369,2026-07-02,1783018003000.0,137
23457896369,2026-07-02,1783018006000.0,137
23457896369,2026-07-02,1783018009000.0,137
23457896369,2026-07-02,1783018012000.0,136
23457896369,2026-07-02,1783018013000.0,136
23457896369,2026-07-02,1783018015000.0,135
23457896369,2026-07-02,1783018018000.0,135
23457896369,2026-07-02,1783018021000.0,135
23457896369,2026-07-02,1783018024000.0,136
23457896369,2026-07-02,1783018027000.0,137
23457896369,2026-07-02,1783018030000.0,138
23457896369,2026-07-02,1783018033000.0,139
23457896369,2026-07-02,1783018036000.0,140
23457896369,2026-07-02,1783018039000.0,142
23457896369,2026-07-02,1783018042000.0,143
23457896369,2026-07-02,1783018045000.0,142
23457896369,2026-07-02,1783018048000.0,142
23457896369,2026-07-02,1783018051000.0,142
23457896369,2026-07-02,1783018054000.0,143
23457896369,2026-07-02,1783018057000.0,143
23457896369,2026-07-02,1783018060000.0,142
23457896369,2026-07-02,1783018063000.0,142
23457896369,2026-07-02,1783018066000.0,141
23457896369,2026-07-02,1783018069000.0,141
23457896369,2026-07-02,1783018072000.0,140
23457896369,2026-07-02,1783018075000.0,140
23457896369,2026-07-02,1783018078000.0,139
23457896369,2026-07-02,1783018079000.0,139
23457896369,2026-07-02,1783018081000.0,139
23457896369,2026-07-02,1783018084000.0,140
23457896369,2026-07-02,1783018087000.0,140
23457896369,2026-07-02,1783018090000.0,139
23457896369,2026-07-02,1783018093000.0,137
23457896369,2026-07-02,1783018096000.0,138
23457896369,2026-07-02,1783018099000.0,138
23457896369,2026-07-02,1783018102000.0,137
23457896369,2026-07-02,1783018105000.0,137
23457896369,2026-07-02,1783018108000.0,136
23457896369,2026-07-02,1783018111000.0,138
23457896369,2026-07-02,1783018114000.0,141
23457896369,2026-07-02,1783018117000.0,143
23457896369,2026-07-02,1783018120000.0,142
23457896369,2026-07-02,1783018123000.0,141
23457896369,2026-07-02,1783018126000.0,140
23457896369,2026-07-02,1783018129000.0,138
23457896369,2026-07-02,1783018132000.0,138
23457896369,2026-07-02,1783018135000.0,136
23457896369,2026-07-02,1783018138000.0,135
23457896369,2026-07-02,1783018141000.0,137
23457896369,2026-07-02,1783018144000.0,138
23457896369,2026-07-02,1783018147000.0,139
23457896369,2026-07-02,1783018150000.0,139
23457896369,2026-07-02,1783018153000.0,139
23457896369,2026-07-02,1783018156000.0,139
23457896369,2026-07-02,1783018159000.0,140
23457896369,2026-07-02,1783018162000.0,139
23457896369,2026-07-02,1783018165000.0,137
23457896369,2026-07-02,1783018168000.0,137
23457896369,2026-07-02,1783018171000.0,138
23457896369,2026-07-02,1783018174000.0,139
23457896369,2026-07-02,1783018177000.0,138
23457896369,2026-07-02,1783018179000.0,138
23457896369,2026-07-02,1783018180000.0,138
23457896369,2026-07-02,1783018183000.0,138
23457896369,2026-07-02,1783018186000.0,138
23457896369,2026-07-02,1783018189000.0,137
23457896369,2026-07-02,1783018192000.0,137
23457896369,2026-07-02,1783018195000.0,137
23457896369,2026-07-02,1783018198000.0,138
23457896369,2026-07-02,1783018201000.0,138
23457896369,2026-07-02,1783018204000.0,136
23457896369,2026-07-02,1783018207000.0,134
23457896369,2026-07-02,1783018210000.0,134
23457896369,2026-07-02,1783018213000.0,136
23457896369,2026-07-02,1783018216000.0,136
23457896369,2026-07-02,1783018219000.0,135
23457896369,2026-07-02,1783018222000.0,134
23457896369,2026-07-02,1783018225000.0,133
23457896369,2026-07-02,1783018228000.0,133
23457896369,2026-07-02,1783018231000.0,133
23457896369,2026-07-02,1783018234000.0,132
23457896369,2026-07-02,1783018237000.0,132
23457896369,2026-07-02,1783018240000.0,133
23457896369,2026-07-02,1783018243000.0,134
23457896369,2026-07-02,1783018246000.0,136
23457896369,2026-07-02,1783018249000.0,137
23457896369,2026-07-02,1783018252000.0,136
23457896369,2026-07-02,1783018255000.0,135
23457896369,2026-07-02,1783018258000.0,134
23457896369,2026-07-02,1783018261000.0,134
23457896369,2026-07-02,1783018264000.0,135
23457896369,2026-07-02,1783018267000.0,136
23457896369,2026-07-02,1783018270000.0,136
23457896369,2026-07-02,1783018273000.0,135
23457896369,2026-07-02,1783018276000.0,135
23457896369,2026-07-02,1783018279000.0,135
23457896369,2026-07-02,1783018282000.0,135
23457896369,2026-07-02,1783018285000.0,136
23457896369,2026-07-02,1783018288000.0,137
23457896369,2026-07-02,1783018291000.0,136
23457896369,2026-07-02,1783018294000.0,135
23457896369,2026-07-02,1783018297000.0,133
23457896369,2026-07-02,1783018300000.0,133
23457896369,2026-07-02,1783018303000.0,134
23457896369,2026-07-02,1783018306000.0,134
23457896369,2026-07-02,1783018309000.0,136
23457896369,2026-07-02,1783018312000.0,138
23457896369,2026-07-02,1783018315000.0,140
23457896369,2026-07-02,1783018318000.0,139
23457896369,2026-07-02,1783018321000.0,138
23457896369,2026-07-02,1783018324000.0,137
23457896369,2026-07-02,1783018327000.0,136
23457896369,2026-07-02,1783018330000.0,136
23457896369,2026-07-02,1783018333000.0,137
23457896369,2026-07-02,1783018336000.0,137
23457896369,2026-07-02,1783018339000.0,136
23457896369,2026-07-02,1783018342000.0,136
23457896369,2026-07-02,1783018345000.0,135
23457896369,2026-07-02,1783018348000.0,134
23457896369,2026-07-02,1783018351000.0,135
23457896369,2026-07-02,1783018354000.0,135
23457896369,2026-07-02,1783018357000.0,136
23457896369,2026-07-02,1783018360000.0,134
23457896369,2026-07-02,1783018363000.0,131
23457896369,2026-07-02,1783018366000.0,128
23457896369,2026-07-02,1783018369000.0,128
23457896369,2026-07-02,1783018372000.0,128
23457896369,2026-07-02,1783018375000.0,129
23457896369,2026-07-02,1783018378000.0,129
23457896369,2026-07-02,1783018381000.0,131
23457896369,2026-07-02,1783018384000.0,134
23457896369,2026-07-02,1783018387000.0,134
23457896369,2026-07-02,1783018390000.0,133
23457896369,2026-07-02,1783018393000.0,133
23457896369,2026-07-02,1783018396000.0,132
23457896369,2026-07-02,1783018399000.0,132
23457896369,2026-07-02,1783018402000.0,132
23457896369,2026-07-02,1783018405000.0,132
23457896369,2026-07-02,1783018408000.0,133
23457896369,2026-07-02,1783018411000.0,134
23457896369,2026-07-02,1783018414000.0,135
23457896369,2026-07-02,1783018417000.0,135
23457896369,2026-07-02,1783018420000.0,136
23457896369,2026-07-02,1783018423000.0,136
23457896369,2026-07-02,1783018426000.0,136
23457896369,2026-07-02,1783018429000.0,136
23457896369,2026-07-02,1783018432000.0,136
23457896369,2026-07-02,1783018435000.0,134
23457896369,2026-07-02,1783018438000.0,134
23457896369,2026-07-02,1783018441000.0,134
23457896369,2026-07-02,1783018444000.0,134
23457896369,2026-07-02,1783018447000.0,134
23457896369,2026-07-02,1783018450000.0,135
23457896369,2026-07-02,1783018453000.0,135
23457896369,2026-07-02,1783018456000.0,135
23457896369,2026-07-02,1783018459000.0,135
23457896369,2026-07-02,1783018462000.0,136
23457896369,2026-07-02,1783018465000.0,137
23457896369,2026-07-02,1783018468000.0,138
23457896369,2026-07-02,1783018471000.0,138
23457896369,2026-07-02,1783018474000.0,138
23457896369,2026-07-02,1783018477000.0,138
23457896369,2026-07-02,1783018480000.0,139
23457896369,2026-07-02,1783018483000.0,140
23457896369,2026-07-02,1783018486000.0,140
23457896369,2026-07-02,1783018489000.0,140
23457896369,2026-07-02,1783018492000.0,140
23457896369,2026-07-02,1783018493000.0,140
23457896369,2026-07-02,1783018495000.0,141
23457896369,2026-07-02,1783018498000.0,142
23457896369,2026-07-02,1783018501000.0,143
23457896369,2026-07-02,1783018504000.0,144
23457896369,2026-07-02,1783018507000.0,141
23457896369,2026-07-02,1783018510000.0,138
23457896369,2026-07-02,1783018513000.0,135
23457896369,2026-07-02,1783018516000.0,134
23457896369,2026-07-02,1783018519000.0,133
23457896369,2026-07-02,1783018522000.0,134
23457896369,2026-07-02,1783018525000.0,135
23457896369,2026-07-02,1783018528000.0,135
23457896369,2026-07-02,1783018531000.0,133
23457896369,2026-07-02,1783018534000.0,132
23457896369,2026-07-02,1783018537000.0,133
23457896369,2026-07-02,1783018540000.0,134
23457896369,2026-07-02,1783018543000.0,135
23457896369,2026-07-02,1783018546000.0,136
23457896369,2026-07-02,1783018549000.0,135
23457896369,2026-07-02,1783018552000.0,136
23457896369,2026-07-02,1783018555000.0,136
23457896369,2026-07-02,1783018558000.0,137
23457896369,2026-07-02,1783018561000.0,137
23457896369,2026-07-02,1783018564000.0,137
23457896369,2026-07-02,1783018567000.0,137
23457896369,2026-07-02,1783018570000.0,137
23457896369,2026-07-02,1783018573000.0,136
23457896369,2026-07-02,1783018576000.0,135
23457896369,2026-07-02,1783018579000.0,135
23457896369,2026-07-02,1783018582000.0,136
23457896369,2026-07-02,1783018585000.0,138
23457896369,2026-07-02,1783018588000.0,140
23457896369,2026-07-02,1783018591000.0,140
23457896369,2026-07-02,1783018594000.0,141
23457896369,2026-07-02,1783018597000.0,142
23457896369,2026-07-02,1783018600000.0,142
23457896369,2026-07-02,1783018603000.0,142
23457896369,2026-07-02,1783018604000.0,142
23457896369,2026-07-02,1783018606000.0,142
23457896369,2026-07-02,1783018609000.0,142
23457896369,2026-07-02,1783018612000.0,142
23457896369,2026-07-02,1783018615000.0,142
23457896369,2026-07-02,1783018618000.0,141
23457896369,2026-07-02,1783018621000.0,140
23457896369,2026-07-02,1783018624000.0,140
23457896369,2026-07-02,1783018627000.0,141
23457896369,2026-07-02,1783018630000.0,141
23457896369,2026-07-02,1783018633000.0,141
23457896369,2026-07-02,1783018636000.0,141
23457896369,2026-07-02,1783018639000.0,140
23457896369,2026-07-02,1783018642000.0,140
23457896369,2026-07-02,1783018645000.0,140
23457896369,2026-07-02,1783018648000.0,141
23457896369,2026-07-02,1783018651000.0,143
23457896369,2026-07-02,1783018654000.0,143
23457896369,2026-07-02,1783018657000.0,142
23457896369,2026-07-02,1783018660000.0,141
23457896369,2026-07-02,1783018663000.0,140
23457896369,2026-07-02,1783018666000.0,139
23457896369,2026-07-02,1783018669000.0,139
23457896369,2026-07-02,1783018672000.0,139
23457896369,2026-07-02,1783018675000.0,141
23457896369,2026-07-02,1783018678000.0,141
23457896369,2026-07-02,1783018681000.0,141
23457896369,2026-07-02,1783018684000.0,142
23457896369,2026-07-02,1783018687000.0,143
23457896369,2026-07-02,1783018690000.0,143
23457896369,2026-07-02,1783018693000.0,145
23457896369,2026-07-02,1783018696000.0,146
23457896369,2026-07-02,1783018699000.0,146
23457896369,2026-07-02,1783018702000.0,146
23457896369,2026-07-02,1783018705000.0,145
23457896369,2026-07-02,1783018708000.0,145
23457896369,2026-07-02,1783018711000.0,145
23457896369,2026-07-02,1783018714000.0,145
23457896369,2026-07-02,1783018717000.0,146
23457896369,2026-07-02,1783018720000.0,144
23457896369,2026-07-02,1783018723000.0,145
23457896369,2026-07-02,1783018726000.0,145
23457896369,2026-07-02,1783018729000.0,144
23457896369,2026-07-02,1783018732000.0,143
23457896369,2026-07-02,1783018735000.0,143
23457896369,2026-07-02,1783018738000.0,144
23457896369,2026-07-02,1783018741000.0,145
23457896369,2026-07-02,1783018744000.0,143
23457896369,2026-07-02,1783018747000.0,143
23457896369,2026-07-02,1783018750000.0,141
23457896369,2026-07-02,1783018753000.0,140
23457896369,2026-07-02,1783018756000.0,140
23457896369,2026-07-02,1783018759000.0,139
23457896369,2026-07-02,1783018762000.0,138
23457896369,2026-07-02,1783018765000.0,138
23457896369,2026-07-02,1783018768000.0,139
23457896369,2026-07-02,1783018771000.0,138
23457896369,2026-07-02,1783018774000.0,136
23457896369,2026-07-02,1783018777000.0,136
23457896369,2026-07-02,1783018780000.0,137
23457896369,2026-07-02,1783018783000.0,137
23457896369,2026-07-02,1783018786000.0,138
23457896369,2026-07-02,1783018789000.0,139
23457896369,2026-07-02,1783018792000.0,138
23457896369,2026-07-02,1783018795000.0,138
23457896369,2026-07-02,1783018798000.0,137
23457896369,2026-07-02,1783018801000.0,136
23457896369,2026-07-02,1783018804000.0,136
23457896369,2026-07-02,1783018807000.0,136
23457896369,2026-07-02,1783018810000.0,136
23457896369,2026-07-02,1783018813000.0,137
23457896369,2026-07-02,1783018816000.0,138
23457896369,2026-07-02,1783018819000.0,139
23457896369,2026-07-02,1783018822000.0,139
23457896369,2026-07-02,1783018825000.0,140
23457896369,2026-07-02,1783018828000.0,141
23457896369,2026-07-02,1783018831000.0,142
23457896369,2026-07-02,1783018834000.0,143
23457896369,2026-07-02,1783018837000.0,142
23457896369,2026-07-02,1783018840000.0,140
23457896369,2026-07-02,1783018843000.0,139
23457896369,2026-07-02,1783018846000.0,139
23457896369,2026-07-02,1783018849000.0,140
23457896369,2026-07-02,1783018852000.0,140
23457896369,2026-07-02,1783018855000.0,139
23457896369,2026-07-02,1783018858000.0,137
23457896369,2026-07-02,1783018861000.0,136
23457896369,2026-07-02,1783018864000.0,135
23457896369,2026-07-02,1783018867000.0,134
23457896369,2026-07-02,1783018870000.0,136
23457896369,2026-07-02,1783018873000.0,137
23457896369,2026-07-02,1783018876000.0,137
23457896369,2026-07-02,1783018879000.0,137
23457896369,2026-07-02,1783018882000.0,138
23457896369,2026-07-02,1783018885000.0,139
23457896369,2026-07-02,1783018888000.0,141
23457896369,2026-07-02,1783018891000.0,141
23457896369,2026-07-02,1783018894000.0,142
23457896369,2026-07-02,1783018897000.0,144
23457896369,2026-07-02,1783018900000.0,145
23457896369,2026-07-02,1783018903000.0,146
23457896369,2026-07-02,1783018906000.0,146
23457896369,2026-07-02,1783018909000.0,148
23457896369,2026-07-02,1783018912000.0,149
23457896369,2026-07-02,1783018915000.0,149
23457896369,2026-07-02,1783018918000.0,150
23457896369,2026-07-02,1783018921000.0,149
23457896369,2026-07-02,1783018924000.0,150
23457896369,2026-07-02,1783018927000.0,150
23457896369,2026-07-02,1783018930000.0,150
23457896369,2026-07-02,1783018933000.0,150
23457896369,2026-07-02,1783018936000.0,148
23457896369,2026-07-02,1783018939000.0,149
23457896369,2026-07-02,1783018942000.0,148
23457896369,2026-07-02,1783018945000.0,146
23457896369,2026-07-02,1783018948000.0,145
23457896369,2026-07-02,1783018951000.0,143
23457896369,2026-07-02,1783018954000.0,142
23457896369,2026-07-02,1783018957000.0,140
23457896369,2026-07-02,1783018960000.0,138
23457896369,2026-07-02,1783018963000.0,136
23457896369,2026-07-02,1783018966000.0,136
23457896369,2026-07-02,1783018969000.0,135
23457896369,2026-07-02,1783018972000.0,135
23457896369,2026-07-02,1783018975000.0,136
23457896369,2026-07-02,1783018978000.0,135
23457896369,2026-07-02,1783018981000.0,134
23457896369,2026-07-02,1783018984000.0,135
23457896369,2026-07-02,1783018987000.0,134
23457896369,2026-07-02,1783018990000.0,134
23457896369,2026-07-02,1783018993000.0,135
23457896369,2026-07-02,1783018996000.0,137
23457896369,2026-07-02,1783018999000.0,138
23457896369,2026-07-02,1783019002000.0,139
23457896369,2026-07-02,1783019005000.0,138
23457896369,2026-07-02,1783019008000.0,136
23457896369,2026-07-02,1783019011000.0,135
23457896369,2026-07-02,1783019014000.0,135
23457896369,2026-07-02,1783019017000.0,134
23457896369,2026-07-02,1783019020000.0,133
23457896369,2026-07-02,1783019023000.0,134
23457896369,2026-07-02,1783019026000.0,134
23457896369,2026-07-02,1783019029000.0,136
23457896369,2026-07-02,1783019032000.0,136
23457896369,2026-07-02,1783019035000.0,136
23457896369,2026-07-02,1783019038000.0,136
23457896369,2026-07-02,1783019041000.0,136
23457896369,2026-07-02,1783019044000.0,135
23457896369,2026-07-02,1783019047000.0,136
23457896369,2026-07-02,1783019050000.0,136
23457896369,2026-07-02,1783019053000.0,137
23457896369,2026-07-02,1783019056000.0,137
23457896369,2026-07-02,1783019059000.0,137
23457896369,2026-07-02,1783019062000.0,137
23457896369,2026-07-02,1783019065000.0,138
23457896369,2026-07-02,1783019068000.0,138
23457896369,2026-07-02,1783019071000.0,138
23457896369,2026-07-02,1783019074000.0,140
23457896369,2026-07-02,1783019077000.0,141
23457896369,2026-07-02,1783019080000.0,141
23457896369,2026-07-02,1783019083000.0,142
23457896369,2026-07-02,1783019086000.0,141
23457896369,2026-07-02,1783019089000.0,142
23457896369,2026-07-02,1783019092000.0,141
23457896369,2026-07-02,1783019095000.0,141
23457896369,2026-07-02,1783019098000.0,141
23457896369,2026-07-02,1783019101000.0,139
23457896369,2026-07-02,1783019104000.0,138
23457896369,2026-07-02,1783019107000.0,137
23457896369,2026-07-02,1783019110000.0,138
23457896369,2026-07-02,1783019113000.0,138
23457896369,2026-07-02,1783019116000.0,139
23457896369,2026-07-02,1783019119000.0,140
23457896369,2026-07-02,1783019122000.0,141
23457896369,2026-07-02,1783019125000.0,141
23457896369,2026-07-02,1783019128000.0,142
23457896369,2026-07-02,1783019131000.0,142
23457896369,2026-07-02,1783019134000.0,142
23457896369,2026-07-02,1783019137000.0,142
23457896369,2026-07-02,1783019140000.0,142
23457896369,2026-07-02,1783019143000.0,141
23457896369,2026-07-02,1783019146000.0,140
23457896369,2026-07-02,1783019149000.0,140
23457896369,2026-07-02,1783019152000.0,139
23457896369,2026-07-02,1783019155000.0,139
23457896369,2026-07-02,1783019158000.0,140
23457896369,2026-07-02,1783019161000.0,141
23457896369,2026-07-02,1783019164000.0,142
23457896369,2026-07-02,1783019167000.0,143
23457896369,2026-07-02,1783019170000.0,144
23457896369,2026-07-02,1783019173000.0,145
23457896369,2026-07-02,1783019176000.0,144
23457896369,2026-07-02,1783019179000.0,142
23457896369,2026-07-02,1783019182000.0,141
23457896369,2026-07-02,1783019185000.0,142
23457896369,2026-07-02,1783019188000.0,142
23457896369,2026-07-02,1783019191000.0,143
23457896369,2026-07-02,1783019194000.0,143
23457896369,2026-07-02,1783019197000.0,144
23457896369,2026-07-02,1783019200000.0,144
23457896369,2026-07-02,1783019203000.0,144
23457896369,2026-07-02,1783019206000.0,144
23457896369,2026-07-02,1783019209000.0,145
23457896369,2026-07-02,1783019212000.0,144
23457896369,2026-07-02,1783019215000.0,145
23457896369,2026-07-02,1783019218000.0,145
23457896369,2026-07-02,1783019221000.0,145
23457896369,2026-07-02,1783019224000.0,146
23457896369,2026-07-02,1783019227000.0,147
23457896369,2026-07-02,1783019230000.0,144
23457896369,2026-07-02,1783019233000.0,144
23457896369,2026-07-02,1783019234000.0,144
23457896369,2026-07-02,1783019236000.0,145
23457896369,2026-07-02,1783019239000.0,145
23457896369,2026-07-02,1783019242000.0,144
23457896369,2026-07-02,1783019245000.0,142
23457896369,2026-07-02,1783019248000.0,143
23457896369,2026-07-02,1783019251000.0,141
23457896369,2026-07-02,1783019254000.0,141
23457896369,2026-07-02,1783019257000.0,141
23457896369,2026-07-02,1783019260000.0,141
23457896369,2026-07-02,1783019263000.0,140
23457896369,2026-07-02,1783019266000.0,139
23457896369,2026-07-02,1783019269000.0,138
23457896369,2026-07-02,1783019272000.0,137
23457896369,2026-07-02,1783019275000.0,138
23457896369,2026-07-02,1783019278000.0,139
23457896369,2026-07-02,1783019281000.0,139
23457896369,2026-07-02,1783019284000.0,139
23457896369,2026-07-02,1783019287000.0,140
23457896369,2026-07-02,1783019290000.0,139
23457896369,2026-07-02,1783019293000.0,139
23457896369,2026-07-02,1783019296000.0,140
23457896369,2026-07-02,1783019299000.0,140
23457896369,2026-07-02,1783019302000.0,140
23457896369,2026-07-02,1783019305000.0,140
23457896369,2026-07-02,1783019308000.0,141
23457896369,2026-07-02,1783019311000.0,141
23457896369,2026-07-02,1783019314000.0,140
23457896369,2026-07-02,1783019317000.0,139
23457896369,2026-07-02,1783019320000.0,139
23457896369,2026-07-02,1783019323000.0,139
23457896369,2026-07-02,1783019326000.0,140
23457896369,2026-07-02,1783019329000.0,141
23457896369,2026-07-02,1783019332000.0,140
23457896369,2026-07-02,1783019335000.0,140
23457896369,2026-07-02,1783019338000.0,140
23457896369,2026-07-02,1783019341000.0,140
23457896369,2026-07-02,1783019344000.0,140
23457896369,2026-07-02,1783019347000.0,141
23457896369,2026-07-02,1783019350000.0,141
23457896369,2026-07-02,1783019353000.0,140
23457896369,2026-07-02,1783019356000.0,139
23457896369,2026-07-02,1783019359000.0,139
23457896369,2026-07-02,1783019362000.0,141
23457896369,2026-07-02,1783019365000.0,141
23457896369,2026-07-02,1783019368000.0,140
23457896369,2026-07-02,1783019371000.0,140
23457896369,2026-07-02,1783019374000.0,141
23457896369,2026-07-02,1783019377000.0,141
23457896369,2026-07-02,1783019380000.0,141
23457896369,2026-07-02,1783019383000.0,141
23457896369,2026-07-02,1783019386000.0,142
23457896369,2026-07-02,1783019389000.0,144
23457896369,2026-07-02,1783019392000.0,144
23457896369,2026-07-02,1783019395000.0,144
23457896369,2026-07-02,1783019398000.0,143
23457896369,2026-07-02,1783019401000.0,142
23457896369,2026-07-02,1783019404000.0,141
23457896369,2026-07-02,1783019407000.0,141
23457896369,2026-07-02,1783019410000.0,141
23457896369,2026-07-02,1783019413000.0,140
23457896369,2026-07-02,1783019416000.0,140
23457896369,2026-07-02,1783019419000.0,140
23457896369,2026-07-02,1783019422000.0,141
23457896369,2026-07-02,1783019425000.0,140
23457896369,2026-07-02,1783019428000.0,141
23457896369,2026-07-02,1783019431000.0,141
23457896369,2026-07-02,1783019434000.0,141
23457896369,2026-07-02,1783019437000.0,139
23457896369,2026-07-02,1783019438000.0,139
23457896369,2026-07-02,1783019440000.0,140
23457896369,2026-07-02,1783019443000.0,139
23457896369,2026-07-02,1783019446000.0,137
23457896369,2026-07-02,1783019449000.0,135
23457896369,2026-07-02,1783019452000.0,132
23457896369,2026-07-02,1783019455000.0,130
23457896369,2026-07-02,1783019458000.0,128
23457896369,2026-07-02,1783019461000.0,126
23457896369,2026-07-02,1783019464000.0,124
23457896369,2026-07-02,1783019467000.0,121
23457896369,2026-07-02,1783019470000.0,121
23457896369,2026-07-02,1783019473000.0,123
23457896369,2026-07-02,1783019476000.0,123
23457896369,2026-07-02,1783019479000.0,123
23457896369,2026-07-02,1783019482000.0,122
23457896369,2026-07-02,1783019485000.0,121
23457896369,2026-07-02,1783019488000.0,123
23457896369,2026-07-02,1783019491000.0,121
23457896369,2026-07-02,1783019494000.0,122
23457896369,2026-07-02,1783019497000.0,123
23457896369,2026-07-02,1783019500000.0,122
23457896369,2026-07-02,1783019503000.0,117
23457896369,2026-07-02,1783019506000.0,115
23457896369,2026-07-02,1783019509000.0,113
23457896369,2026-07-02,1783019512000.0,108
23457896369,2026-07-02,1783019513000.0,107
23457896369,2026-07-02,1783019515000.0,103
23457896369,2026-07-02,1783019518000.0,101
23457896369,2026-07-02,1783019521000.0,102
23457896369,2026-07-02,1783019524000.0,103
23457896369,2026-07-02,1783019527000.0,110
23457896369,2026-07-02,1783019530000.0,114
23457896369,2026-07-02,1783019533000.0,116
23457896369,2026-07-02,1783019536000.0,118
23457896369,2026-07-02,1783019539000.0,121
23457896369,2026-07-02,1783019542000.0,124
23457896369,2026-07-02,1783019545000.0,124
23457896369,2026-07-02,1783019548000.0,125
23457896369,2026-07-02,1783019551000.0,125
23457896369,2026-07-02,1783019554000.0,126
23457896369,2026-07-02,1783019557000.0,129
23457896369,2026-07-02,1783019560000.0,131
23457896369,2026-07-02,1783019563000.0,133
23457896369,2026-07-02,1783019566000.0,135
23457896369,2026-07-02,1783019569000.0,136
23457896369,2026-07-02,1783019572000.0,137
23457896369,2026-07-02,1783019575000.0,138
23457896369,2026-07-02,1783019578000.0,139
23457896369,2026-07-02,1783019581000.0,139
23457896369,2026-07-02,1783019584000.0,139
23457896369,2026-07-02,1783019587000.0,140
23457896369,2026-07-02,1783019590000.0,140
23457896369,2026-07-02,1783019593000.0,142
23457896369,2026-07-02,1783019596000.0,142
23457896369,2026-07-02,1783019599000.0,142
23457896369,2026-07-02,1783019602000.0,140
23457896369,2026-07-02,1783019605000.0,140
23457896369,2026-07-02,1783019608000.0,140
23457896369,2026-07-02,1783019611000.0,139
23457896369,2026-07-02,1783019614000.0,139
23457896369,2026-07-02,1783019617000.0,139
23457896369,2026-07-02,1783019620000.0,139
23457896369,2026-07-02,1783019623000.0,137
23457896369,2026-07-02,1783019626000.0,137
23457896369,2026-07-02,1783019629000.0,138
23457896369,2026-07-02,1783019632000.0,138
23457896369,2026-07-02,1783019635000.0,137
23457896369,2026-07-02,1783019638000.0,136
23457896369,2026-07-02,1783019641000.0,135
23457896369,2026-07-02,1783019644000.0,133
23457896369,2026-07-02,1783019647000.0,133
23457896369,2026-07-02,1783019650000.0,133
23457896369,2026-07-02,1783019653000.0,132
23457896369,2026-07-02,1783019656000.0,132
23457896369,2026-07-02,1783019659000.0,131
23457896369,2026-07-02,1783019662000.0,131
23457896369,2026-07-02,1783019665000.0,132
23457896369,2026-07-02,1783019668000.0,133
23457896369,2026-07-02,1783019671000.0,132
23457896369,2026-07-02,1783019674000.0,133
23457896369,2026-07-02,1783019677000.0,134
23457896369,2026-07-02,1783019680000.0,135
23457896369,2026-07-02,1783019683000.0,135
23457896369,2026-07-02,1783019686000.0,136
23457896369,2026-07-02,1783019689000.0,135
23457896369,2026-07-02,1783019692000.0,136
23457896369,2026-07-02,1783019695000.0,135
23457896369,2026-07-02,1783019698000.0,136
23457896369,2026-07-02,1783019701000.0,137
23457896369,2026-07-02,1783019704000.0,136
23457896369,2026-07-02,1783019707000.0,136
23457896369,2026-07-02,1783019710000.0,136
23457896369,2026-07-02,1783019713000.0,136
23457896369,2026-07-02,1783019716000.0,136
23457896369,2026-07-02,1783019719000.0,135
23457896369,2026-07-02,1783019722000.0,135
23457896369,2026-07-02,1783019725000.0,136
23457896369,2026-07-02,1783019728000.0,137
23457896369,2026-07-02,1783019731000.0,135
23457896369,2026-07-02,1783019734000.0,134
23457896369,2026-07-02,1783019737000.0,134
23457896369,2026-07-02,1783019740000.0,136
23457896369,2026-07-02,1783019743000.0,137
23457896369,2026-07-02,1783019746000.0,138
23457896369,2026-07-02,1783019749000.0,139
23457896369,2026-07-02,1783019752000.0,140
23457896369,2026-07-02,1783019755000.0,140
23457896369,2026-07-02,1783019758000.0,140
23457896369,2026-07-02,1783019761000.0,139
23457896369,2026-07-02,1783019764000.0,140
23457896369,2026-07-02,1783019767000.0,140
23457896369,2026-07-02,1783019770000.0,140
23457896369,2026-07-02,1783019773000.0,140
23457896369,2026-07-02,1783019776000.0,140
23457896369,2026-07-02,1783019779000.0,140
23457896369,2026-07-02,1783019782000.0,140
23457896369,2026-07-02,1783019785000.0,141
23457896369,2026-07-02,1783019788000.0,142
23457896369,2026-07-02,1783019791000.0,142
23457896369,2026-07-02,1783019794000.0,141
23457896369,2026-07-02,1783019797000.0,139
23457896369,2026-07-02,1783019800000.0,140
23457896369,2026-07-02,1783019803000.0,141
23457896369,2026-07-02,1783019806000.0,140
23457896369,2026-07-02,1783019809000.0,139
23457896369,2026-07-02,1783019812000.0,140
23457896369,2026-07-02,1783019815000.0,142
23457896369,2026-07-02,1783019818000.0,142
23457896369,2026-07-02,1783019821000.0,139
23457896369,2026-07-02,1783019824000.0,138
23457896369,2026-07-02,1783019827000.0,137
23457896369,2026-07-02,1783019830000.0,137
23457896369,2026-07-02,1783019833000.0,137
23457896369,2026-07-02,1783019836000.0,137
23457896369,2026-07-02,1783019839000.0,137
23457896369,2026-07-02,1783019842000.0,135
23457896369,2026-07-02,1783019845000.0,136
23457896369,2026-07-02,1783019848000.0,137
23457896369,2026-07-02,1783019851000.0,139
23457896369,2026-07-02,1783019854000.0,141
23457896369,2026-07-02,1783019857000.0,141
23457896369,2026-07-02,1783019860000.0,142
23457896369,2026-07-02,1783019863000.0,143
23457896369,2026-07-02,1783019866000.0,142
23457896369,2026-07-02,1783019869000.0,142
23457896369,2026-07-02,1783019872000.0,142
23457896369,2026-07-02,1783019875000.0,141
23457896369,2026-07-02,1783019878000.0,139
23457896369,2026-07-02,1783019881000.0,137
23457896369,2026-07-02,1783019884000.0,136
23457896369,2026-07-02,1783019887000.0,137
23457896369,2026-07-02,1783019890000.0,136
23457896369,2026-07-02,1783019893000.0,136
23457896369,2026-07-02,1783019896000.0,137
23457896369,2026-07-02,1783019899000.0,138
23457896369,2026-07-02,1783019902000.0,138
23457896369,2026-07-02,1783019905000.0,139
23457896369,2026-07-02,1783019908000.0,140
23457896369,2026-07-02,1783019911000.0,140
23457896369,2026-07-02,1783019914000.0,140
23457896369,2026-07-02,1783019917000.0,139
23457896369,2026-07-02,1783019920000.0,138
23457896369,2026-07-02,1783019923000.0,139
23457896369,2026-07-02,1783019926000.0,139
23457896369,2026-07-02,1783019929000.0,138
23457896369,2026-07-02,1783019931000.0,138
23457896369,2026-07-02,1783019932000.0,138
23457896369,2026-07-02,1783019935000.0,140
23457896369,2026-07-02,1783019938000.0,140
23457896369,2026-07-02,1783019941000.0,140
23457896369,2026-07-02,1783019944000.0,139
23457896369,2026-07-02,1783019947000.0,139
23457896369,2026-07-02,1783019950000.0,139
23457896369,2026-07-02,1783019953000.0,139
23457896369,2026-07-02,1783019956000.0,140
23457896369,2026-07-02,1783019959000.0,141
23457896369,2026-07-02,1783019962000.0,139
23457896369,2026-07-02,1783019965000.0,138
23457896369,2026-07-02,1783019968000.0,138
23457896369,2026-07-02,1783019971000.0,139
23457896369,2026-07-02,1783019974000.0,140
23457896369,2026-07-02,1783019977000.0,141
23457896369,2026-07-02,1783019980000.0,143
23457896369,2026-07-02,1783019983000.0,144
23457896369,2026-07-02,1783019986000.0,144
23457896369,2026-07-02,1783019989000.0,145
23457896369,2026-07-02,1783019992000.0,144
23457896369,2026-07-02,1783019995000.0,143
23457896369,2026-07-02,1783019998000.0,142
23457896369,2026-07-02,1783020001000.0,141
23457896369,2026-07-02,1783020004000.0,141
23457896369,2026-07-02,1783020007000.0,142
23457896369,2026-07-02,1783020010000.0,144
23457896369,2026-07-02,1783020013000.0,147
23457896369,2026-07-02,1783020016000.0,150
23457896369,2026-07-02,1783020019000.0,152
23457896369,2026-07-02,1783020022000.0,152
23457896369,2026-07-02,1783020025000.0,153
23457896369,2026-07-02,1783020027000.0,152
23457896369,2026-07-02,1783020028000.0,153
23457896369,2026-07-02,1783020031000.0,153
23457896369,2026-07-02,1783020034000.0,154
23457896369,2026-07-02,1783020037000.0,155
23457896369,2026-07-02,1783020040000.0,156
23457896369,2026-07-02,1783020043000.0,157
23457896369,2026-07-02,1783020046000.0,157
23457896369,2026-07-02,1783020049000.0,157
23457896369,2026-07-02,1783020052000.0,157
23457896369,2026-07-02,1783020055000.0,156
23457896369,2026-07-02,1783020058000.0,156
23457896369,2026-07-02,1783020061000.0,157
23457896369,2026-07-02,1783020064000.0,156
23457896369,2026-07-02,1783020067000.0,155
23457896369,2026-07-02,1783020070000.0,153
23457896369,2026-07-02,1783020073000.0,150
23457896369,2026-07-02,1783020076000.0,150
23457896369,2026-07-02,1783020079000.0,147
23457896369,2026-07-02,1783020082000.0,144
23457896369,2026-07-02,1783020085000.0,141
23457896369,2026-07-02,1783020088000.0,140
23457896369,2026-07-02,1783020091000.0,140
23457896369,2026-07-02,1783020094000.0,140
23457896369,2026-07-02,1783020097000.0,140
23457896369,2026-07-02,1783020100000.0,139
23457896369,2026-07-02,1783020103000.0,139
23457896369,2026-07-02,1783020106000.0,139
23457896369,2026-07-02,1783020109000.0,140
23457896369,2026-07-02,1783020112000.0,141
23457896369,2026-07-02,1783020115000.0,139
23457896369,2026-07-02,1783020118000.0,141
23457896369,2026-07-02,1783020120000.0,142
23457896369,2026-07-02,1783020121000.0,143
23457896369,2026-07-02,1783020124000.0,144
23457896369,2026-07-02,1783020127000.0,142
23457896369,2026-07-02,1783020130000.0,141
23457896369,2026-07-02,1783020133000.0,139
23457896369,2026-07-02,1783020136000.0,138
23457896369,2026-07-02,1783020139000.0,136
23457896369,2026-07-02,1783020142000.0,136
23457896369,2026-07-02,1783020145000.0,135
23457896369,2026-07-02,1783020148000.0,134
23457896369,2026-07-02,1783020151000.0,134
23457896369,2026-07-02,1783020154000.0,135
23457896369,2026-07-02,1783020157000.0,137
23457896369,2026-07-02,1783020160000.0,137
23457896369,2026-07-02,1783020163000.0,137
23457896369,2026-07-02,1783020166000.0,138
23457896369,2026-07-02,1783020169000.0,140
23457896369,2026-07-02,1783020172000.0,141
23457896369,2026-07-02,1783020175000.0,141
23457896369,2026-07-02,1783020178000.0,139
23457896369,2026-07-02,1783020181000.0,138
23457896369,2026-07-02,1783020184000.0,138
23457896369,2026-07-02,1783020187000.0,139
23457896369,2026-07-02,1783020190000.0,141
23457896369,2026-07-02,1783020193000.0,143
23457896369,2026-07-02,1783020196000.0,142
23457896369,2026-07-02,1783020199000.0,142
23457896369,2026-07-02,1783020202000.0,143
23457896369,2026-07-02,1783020205000.0,145
23457896369,2026-07-02,1783020208000.0,147
23457896369,2026-07-02,1783020211000.0,148
23457896369,2026-07-02,1783020214000.0,148
23457896369,2026-07-02,1783020217000.0,150
23457896369,2026-07-02,1783020220000.0,151
23457896369,2026-07-02,1783020223000.0,153
23457896369,2026-07-02,1783020226000.0,153
23457896369,2026-07-02,1783020229000.0,153
23457896369,2026-07-02,1783020232000.0,153
23457896369,2026-07-02,1783020235000.0,153
23457896369,2026-07-02,1783020238000.0,153
23457896369,2026-07-02,1783020241000.0,153
23457896369,2026-07-02,1783020244000.0,150
23457896369,2026-07-02,1783020247000.0,146
23457896369,2026-07-02,1783020250000.0,144
23457896369,2026-07-02,1783020253000.0,145
23457896369,2026-07-02,1783020256000.0,144
23457896369,2026-07-02,1783020259000.0,144
23457896369,2026-07-02,1783020262000.0,144
23457896369,2026-07-02,1783020265000.0,145
23457896369,2026-07-02,1783020268000.0,145
23457896369,2026-07-02,1783020271000.0,147
23457896369,2026-07-02,1783020274000.0,147
23457896369,2026-07-02,1783020277000.0,146
23457896369,2026-07-02,1783020280000.0,145
23457896369,2026-07-02,1783020283000.0,144
23457896369,2026-07-02,1783020286000.0,145
23457896369,2026-07-02,1783020289000.0,145
23457896369,2026-07-02,1783020292000.0,144
23457896369,2026-07-02,1783020295000.0,142
23457896369,2026-07-02,1783020298000.0,142
23457896369,2026-07-02,1783020301000.0,143
23457896369,2026-07-02,1783020304000.0,142
23457896369,2026-07-02,1783020307000.0,144
23457896369,2026-07-02,1783020310000.0,144
23457896369,2026-07-02,1783020313000.0,144
23457896369,2026-07-02,1783020316000.0,145
23457896369,2026-07-02,1783020319000.0,145
23457896369,2026-07-02,1783020322000.0,143
23457896369,2026-07-02,1783020325000.0,144
23457896369,2026-07-02,1783020328000.0,146
23457896369,2026-07-02,1783020331000.0,147
23457896369,2026-07-02,1783020334000.0,149
23457896369,2026-07-02,1783020337000.0,150
23457896369,2026-07-02,1783020340000.0,150
23457896369,2026-07-02,1783020343000.0,150
23457896369,2026-07-02,1783020346000.0,149
23457896369,2026-07-02,1783020349000.0,149
23457896369,2026-07-02,1783020352000.0,150
23457896369,2026-07-02,1783020355000.0,149
23457896369,2026-07-02,1783020358000.0,150
23457896369,2026-07-02,1783020361000.0,150
23457896369,2026-07-02,1783020364000.0,149
23457896369,2026-07-02,1783020367000.0,148
23457896369,2026-07-02,1783020370000.0,146
23457896369,2026-07-02,1783020373000.0,147
23457896369,2026-07-02,1783020376000.0,147
23457896369,2026-07-02,1783020379000.0,146
23457896369,2026-07-02,1783020382000.0,147
23457896369,2026-07-02,1783020385000.0,147
23457896369,2026-07-02,1783020388000.0,147
23457896369,2026-07-02,1783020391000.0,146
23457896369,2026-07-02,1783020394000.0,145
23457896369,2026-07-02,1783020397000.0,145
23457896369,2026-07-02,1783020400000.0,144
23457896369,2026-07-02,1783020403000.0,145
23457896369,2026-07-02,1783020406000.0,146
23457896369,2026-07-02,1783020409000.0,148
23457896369,2026-07-02,1783020412000.0,148
23457896369,2026-07-02,1783020415000.0,149
23457896369,2026-07-02,1783020418000.0,147
23457896369,2026-07-02,1783020421000.0,147
23457896369,2026-07-02,1783020424000.0,147
23457896369,2026-07-02,1783020427000.0,147
23457896369,2026-07-02,1783020430000.0,147
23457896369,2026-07-02,1783020433000.0,147
23457896369,2026-07-02,1783020436000.0,146
23457896369,2026-07-02,1783020439000.0,145
23457896369,2026-07-02,1783020442000.0,145
23457896369,2026-07-02,1783020445000.0,142
23457896369,2026-07-02,1783020448000.0,142
23457896369,2026-07-02,1783020451000.0,141
23457896369,2026-07-02,1783020454000.0,139
23457896369,2026-07-02,1783020457000.0,140
23457896369,2026-07-02,1783020460000.0,140
23457896369,2026-07-02,1783020463000.0,141
23457896369,2026-07-02,1783020466000.0,141
23457896369,2026-07-02,1783020469000.0,140
23457896369,2026-07-02,1783020472000.0,140
23457896369,2026-07-02,1783020475000.0,142
23457896369,2026-07-02,1783020478000.0,144
23457896369,2026-07-02,1783020481000.0,146
23457896369,2026-07-02,1783020484000.0,146
23457896369,2026-07-02,1783020487000.0,142
23457896369,2026-07-02,1783020490000.0,138
23457896369,2026-07-02,1783020493000.0,128
23457896369,2026-07-02,1783020496000.0,118
23457896369,2026-07-02,1783020499000.0,121
23457896369,2026-07-02,1783020502000.0,122
23457896369,2026-07-02,1783020505000.0,122
23457896369,2026-07-02,1783020508000.0,123
23457896369,2026-07-02,1783020511000.0,123
23457896369,2026-07-02,1783020514000.0,123
23457896369,2026-07-02,1783020517000.0,125
23457896369,2026-07-02,1783020520000.0,128
23457896369,2026-07-02,1783020523000.0,129
23457896369,2026-07-02,1783020526000.0,130
23457896369,2026-07-02,1783020529000.0,132
23457896369,2026-07-02,1783020532000.0,134
23457896369,2026-07-02,1783020535000.0,135
23457896369,2026-07-02,1783020538000.0,137
23457896369,2026-07-02,1783020541000.0,138
23457896369,2026-07-02,1783020544000.0,139
23457896369,2026-07-02,1783020547000.0,140
23457896369,2026-07-02,1783020550000.0,140
23457896369,2026-07-02,1783020553000.0,141
23457896369,2026-07-02,1783020556000.0,143
23457896369,2026-07-02,1783020559000.0,144
23457896369,2026-07-02,1783020562000.0,143
23457896369,2026-07-02,1783020565000.0,143
23457896369,2026-07-02,1783020568000.0,142
23457896369,2026-07-02,1783020571000.0,142
23457896369,2026-07-02,1783020574000.0,142
23457896369,2026-07-02,1783020577000.0,142
23457896369,2026-07-02,1783020580000.0,141
23457896369,2026-07-02,1783020583000.0,141
23457896369,2026-07-02,1783020586000.0,141
23457896369,2026-07-02,1783020589000.0,141
23457896369,2026-07-02,1783020592000.0,140
23457896369,2026-07-02,1783020595000.0,139
23457896369,2026-07-02,1783020598000.0,139
23457896369,2026-07-02,1783020601000.0,140
23457896369,2026-07-02,1783020604000.0,140
23457896369,2026-07-02,1783020607000.0,141
23457896369,2026-07-02,1783020610000.0,140
23457896369,2026-07-02,1783020613000.0,137
23457896369,2026-07-02,1783020616000.0,136
23457896369,2026-07-02,1783020619000.0,135
23457896369,2026-07-02,1783020622000.0,135
23457896369,2026-07-02,1783020625000.0,135
23457896369,2026-07-02,1783020628000.0,135
23457896369,2026-07-02,1783020631000.0,134
23457896369,2026-07-02,1783020634000.0,134
23457896369,2026-07-02,1783020637000.0,134
23457896369,2026-07-02,1783020640000.0,136
23457896369,2026-07-02,1783020643000.0,133
23457896369,2026-07-02,1783020645000.0,132
23457896369,2026-07-02,1783020646000.0,131
23457896369,2026-07-02,1783020649000.0,128
23457896369,2026-07-02,1783020652000.0,129
23457896369,2026-07-02,1783020655000.0,129
23457896369,2026-07-02,1783020658000.0,129
23457896369,2026-07-02,1783020661000.0,131
23457896369,2026-07-02,1783020664000.0,132
23457896369,2026-07-02,1783020667000.0,132
23457896369,2026-07-02,1783020670000.0,132
23457896369,2026-07-02,1783020673000.0,132
23457896369,2026-07-02,1783020676000.0,131
23457896369,2026-07-02,1783020679000.0,132
23457896369,2026-07-02,1783020682000.0,133
23457896369,2026-07-02,1783020685000.0,134
23457896369,2026-07-02,1783020688000.0,137
23457896369,2026-07-02,1783020691000.0,139
23457896369,2026-07-02,1783020694000.0,141
23457896369,2026-07-02,1783020697000.0,139
23457896369,2026-07-02,1783020700000.0,139
23457896369,2026-07-02,1783020703000.0,139
23457896369,2026-07-02,1783020706000.0,135
23457896369,2026-07-02,1783020709000.0,130
23457896369,2026-07-02,1783020712000.0,127
23457896369,2026-07-02,1783020715000.0,126
23457896369,2026-07-02,1783020718000.0,126
23457896369,2026-07-02,1783020721000.0,128
23457896369,2026-07-02,1783020724000.0,131
23457896369,2026-07-02,1783020727000.0,132
23457896369,2026-07-02,1783020730000.0,132
23457896369,2026-07-02,1783020731000.0,132
23457896369,2026-07-02,1783020733000.0,132
23457896369,2026-07-02,1783020735000.0,133
23457896369,2026-07-02,1783020736000.0,133
23457896369,2026-07-02,1783020739000.0,134
23457896369,2026-07-02,1783020742000.0,135
23457896369,2026-07-02,1783020745000.0,136
23457896369,2026-07-02,1783020748000.0,138
23457896369,2026-07-02,1783020751000.0,138
23457896369,2026-07-02,1783020754000.0,140
23457896369,2026-07-02,1783020757000.0,141
23457896369,2026-07-02,1783020760000.0,141
23457896369,2026-07-02,1783020761000.0,140
23457896369,2026-07-02,1783020763000.0,141
23457896369,2026-07-02,1783020766000.0,141
23457896369,2026-07-02,1783020769000.0,143
23457896369,2026-07-02,1783020772000.0,143
23457896369,2026-07-02,1783020775000.0,144
23457896369,2026-07-02,1783020778000.0,144
23457896369,2026-07-02,1783020781000.0,145
23457896369,2026-07-02,1783020784000.0,146
23457896369,2026-07-02,1783020787000.0,147
23457896369,2026-07-02,1783020790000.0,148
23457896369,2026-07-02,1783020793000.0,148
23457896369,2026-07-02,1783020796000.0,147
23457896369,2026-07-02,1783020799000.0,147
23457896369,2026-07-02,1783020802000.0,147
23457896369,2026-07-02,1783020805000.0,147
23457896369,2026-07-02,1783020808000.0,147
23457896369,2026-07-02,1783020811000.0,146
23457896369,2026-07-02,1783020814000.0,146
23457896369,2026-07-02,1783020817000.0,146
23457896369,2026-07-02,1783020820000.0,146
23457896369,2026-07-02,1783020823000.0,145
23457896369,2026-07-02,1783020826000.0,145
23457896369,2026-07-02,1783020829000.0,145
23457896369,2026-07-02,1783020832000.0,147
23457896369,2026-07-02,1783020835000.0,147
23457896369,2026-07-02,1783020838000.0,147
23457896369,2026-07-02,1783020841000.0,147
23457896369,2026-07-02,1783020844000.0,147
23457896369,2026-07-02,1783020847000.0,147
23457896369,2026-07-02,1783020850000.0,148
23457896369,2026-07-02,1783020853000.0,148
23457896369,2026-07-02,1783020856000.0,148
23457896369,2026-07-02,1783020859000.0,147
23457896369,2026-07-02,1783020862000.0,144
23457896369,2026-07-02,1783020865000.0,142
23457896369,2026-07-02,1783020868000.0,142
23457896369,2026-07-02,1783020871000.0,144
23457896369,2026-07-02,1783020874000.0,144
23457896369,2026-07-02,1783020877000.0,144
23457896369,2026-07-02,1783020880000.0,142
23457896369,2026-07-02,1783020883000.0,143
23457896369,2026-07-02,1783020886000.0,143
23457896369,2026-07-02,1783020889000.0,143
23457896369,2026-07-02,1783020892000.0,142
23457896369,2026-07-02,1783020895000.0,142
23457896369,2026-07-02,1783020898000.0,144
23457896369,2026-07-02,1783020901000.0,145
23457896369,2026-07-02,1783020904000.0,145
23457896369,2026-07-02,1783020907000.0,146
23457896369,2026-07-02,1783020910000.0,147
23457896369,2026-07-02,1783020913000.0,147
23457896369,2026-07-02,1783020916000.0,148
23457896369,2026-07-02,1783020919000.0,148
23457896369,2026-07-02,1783020922000.0,148
23457896369,2026-07-02,1783020925000.0,147
23457896369,2026-07-02,1783020928000.0,146
23457896369,2026-07-02,1783020931000.0,144
23457896369,2026-07-02,1783020934000.0,143
23457896369,2026-07-02,1783020937000.0,144
23457896369,2026-07-02,1783020940000.0,144
23457896369,2026-07-02,1783020943000.0,145
23457896369,2026-07-02,1783020946000.0,146
23457896369,2026-07-02,1783020949000.0,147
23457896369,2026-07-02,1783020952000.0,148
23457896369,2026-07-02,1783020955000.0,147
23457896369,2026-07-02,1783020958000.0,146
23457896369,2026-07-02,1783020961000.0,146
23457896369,2026-07-02,1783020964000.0,148
23457896369,2026-07-02,1783020967000.0,148
23457896369,2026-07-02,1783020970000.0,147
23457896369,2026-07-02,1783020973000.0,147
23457896369,2026-07-02,1783020976000.0,147
23457896369,2026-07-02,1783020979000.0,147
23457896369,2026-07-02,1783020982000.0,146
23457896369,2026-07-02,1783020985000.0,145
23457896369,2026-07-02,1783020988000.0,144
23457896369,2026-07-02,1783020991000.0,142
23457896369,2026-07-02,1783020994000.0,143
23457896369,2026-07-02,1783020997000.0,144
23457896369,2026-07-02,1783021000000.0,145
23457896369,2026-07-02,1783021003000.0,146
23457896369,2026-07-02,1783021006000.0,146
23457896369,2026-07-02,1783021009000.0,145
23457896369,2026-07-02,1783021012000.0,145
23457896369,2026-07-02,1783021015000.0,147
23457896369,2026-07-02,1783021018000.0,148
23457896369,2026-07-02,1783021021000.0,148
23457896369,2026-07-02,1783021024000.0,148
23457896369,2026-07-02,1783021027000.0,148
23457896369,2026-07-02,1783021030000.0,147
23457896369,2026-07-02,1783021033000.0,147
23457896369,2026-07-02,1783021036000.0,147
23457896369,2026-07-02,1783021039000.0,148
23457896369,2026-07-02,1783021042000.0,147
23457896369,2026-07-02,1783021045000.0,146
23457896369,2026-07-02,1783021048000.0,146
23457896369,2026-07-02,1783021051000.0,147
23457896369,2026-07-02,1783021054000.0,148
23457896369,2026-07-02,1783021057000.0,148
23457896369,2026-07-02,1783021060000.0,148
23457896369,2026-07-02,1783021063000.0,148
23457896369,2026-07-02,1783021066000.0,148
23457896369,2026-07-02,1783021069000.0,148
23457896369,2026-07-02,1783021072000.0,148
23457896369,2026-07-02,1783021075000.0,149
23457896369,2026-07-02,1783021078000.0,149
23457896369,2026-07-02,1783021081000.0,149
23457896369,2026-07-02,1783021084000.0,149
23457896369,2026-07-02,1783021087000.0,149
23457896369,2026-07-02,1783021090000.0,148
23457896369,2026-07-02,1783021093000.0,149
23457896369,2026-07-02,1783021096000.0,148
23457896369,2026-07-02,1783021099000.0,147
23457896369,2026-07-02,1783021102000.0,147
23457896369,2026-07-02,1783021105000.0,148
23457896369,2026-07-02,1783021108000.0,148
23457896369,2026-07-02,1783021111000.0,148
23457896369,2026-07-02,1783021114000.0,147
23457896369,2026-07-02,1783021117000.0,146
23457896369,2026-07-02,1783021120000.0,146
23457896369,2026-07-02,1783021123000.0,148
23457896369,2026-07-02,1783021126000.0,149
23457896369,2026-07-02,1783021129000.0,149
23457896369,2026-07-02,1783021132000.0,150
23457896369,2026-07-02,1783021135000.0,150
23457896369,2026-07-02,1783021138000.0,150
23457896369,2026-07-02,1783021141000.0,150
23457896369,2026-07-02,1783021144000.0,150
23457896369,2026-07-02,1783021147000.0,149
23457896369,2026-07-02,1783021150000.0,150
23457896369,2026-07-02,1783021153000.0,150
23457896369,2026-07-02,1783021156000.0,149
23457896369,2026-07-02,1783021159000.0,148
23457896369,2026-07-02,1783021162000.0,149
23457896369,2026-07-02,1783021165000.0,150
23457896369,2026-07-02,1783021168000.0,151
23457896369,2026-07-02,1783021171000.0,151
23457896369,2026-07-02,1783021174000.0,150
23457896369,2026-07-02,1783021177000.0,149
23457896369,2026-07-02,1783021180000.0,149
23457896369,2026-07-02,1783021183000.0,151
23457896369,2026-07-02,1783021186000.0,153
23457896369,2026-07-02,1783021189000.0,152
23457896369,2026-07-02,1783021192000.0,152
23457896369,2026-07-02,1783021195000.0,152
23457896369,2026-07-02,1783021198000.0,152
23457896369,2026-07-02,1783021201000.0,151
23457896369,2026-07-02,1783021204000.0,150
23457896369,2026-07-02,1783021207000.0,150
23457896369,2026-07-02,1783021210000.0,151
23457896369,2026-07-02,1783021213000.0,152
23457896369,2026-07-02,1783021216000.0,154
23457896369,2026-07-02,1783021219000.0,153
23457896369,2026-07-02,1783021222000.0,155
23457896369,2026-07-02,1783021225000.0,155
23457896369,2026-07-02,1783021228000.0,157
23457896369,2026-07-02,1783021231000.0,157
23457896369,2026-07-02,1783021234000.0,158
23457896369,2026-07-02,1783021237000.0,158
23457896369,2026-07-02,1783021240000.0,158
23457896369,2026-07-02,1783021243000.0,159
23457896369,2026-07-02,1783021244000.0,160
23457896369,2026-07-02,1783021246000.0,160
23457896369,2026-07-02,1783021249000.0,160
23457896369,2026-07-02,1783021252000.0,158
23457896369,2026-07-02,1783021255000.0,157
23457896369,2026-07-02,1783021258000.0,157
23457896369,2026-07-02,1783021261000.0,158
23457896369,2026-07-02,1783021264000.0,156
23457896369,2026-07-02,1783021267000.0,155
23457896369,2026-07-02,1783021270000.0,154
23457896369,2026-07-02,1783021273000.0,151
23457896369,2026-07-02,1783021276000.0,149
23457896369,2026-07-02,1783021279000.0,148
23457896369,2026-07-02,1783021282000.0,148
23457896369,2026-07-02,1783021285000.0,148
23457896369,2026-07-02,1783021288000.0,147
23457896369,2026-07-02,1783021291000.0,145
23457896369,2026-07-02,1783021294000.0,144
23457896369,2026-07-02,1783021297000.0,144
23457896369,2026-07-02,1783021300000.0,144
23457896369,2026-07-02,1783021303000.0,144
23457896369,2026-07-02,1783021306000.0,143
23457896369,2026-07-02,1783021309000.0,143
23457896369,2026-07-02,1783021312000.0,143
23457896369,2026-07-02,1783021315000.0,143
23457896369,2026-07-02,1783021318000.0,143
23457896369,2026-07-02,1783021321000.0,143
23457896369,2026-07-02,1783021324000.0,146
23457896369,2026-07-02,1783021327000.0,149
23457896369,2026-07-02,1783021330000.0,151
23457896369,2026-07-02,1783021333000.0,152
23457896369,2026-07-02,1783021336000.0,152
23457896369,2026-07-02,1783021339000.0,151
23457896369,2026-07-02,1783021342000.0,151
23457896369,2026-07-02,1783021345000.0,151
23457896369,2026-07-02,1783021348000.0,151
23457896369,2026-07-02,1783021351000.0,151
23457896369,2026-07-02,1783021354000.0,152
23457896369,2026-07-02,1783021357000.0,152
23457896369,2026-07-02,1783021360000.0,152
23457896369,2026-07-02,1783021363000.0,151
23457896369,2026-07-02,1783021366000.0,152
23457896369,2026-07-02,1783021369000.0,151
23457896369,2026-07-02,1783021372000.0,152
23457896369,2026-07-02,1783021375000.0,151
23457896369,2026-07-02,1783021378000.0,151
23457896369,2026-07-02,1783021381000.0,148
23457896369,2026-07-02,1783021384000.0,146
23457896369,2026-07-02,1783021387000.0,144
23457896369,2026-07-02,1783021390000.0,142
23457896369,2026-07-02,1783021393000.0,141
23457896369,2026-07-02,1783021396000.0,140
23457896369,2026-07-02,1783021399000.0,140
23457896369,2026-07-02,1783021402000.0,142
23457896369,2026-07-02,1783021405000.0,143
23457896369,2026-07-02,1783021408000.0,144
23457896369,2026-07-02,1783021411000.0,142
23457896369,2026-07-02,1783021414000.0,142
23457896369,2026-07-02,1783021417000.0,144
23457896369,2026-07-02,1783021420000.0,144
23457896369,2026-07-02,1783021423000.0,144
23457896369,2026-07-02,1783021426000.0,143
23457896369,2026-07-02,1783021429000.0,144
23457896369,2026-07-02,1783021432000.0,145
23457896369,2026-07-02,1783021435000.0,145
23457896369,2026-07-02,1783021438000.0,145
23457896369,2026-07-02,1783021441000.0,146
23457896369,2026-07-02,1783021444000.0,146
23457896369,2026-07-02,1783021447000.0,145
23457896369,2026-07-02,1783021450000.0,145
23457896369,2026-07-02,1783021453000.0,144
23457896369,2026-07-02,1783021456000.0,145
23457896369,2026-07-02,1783021459000.0,144
23457896369,2026-07-02,1783021460000.0,144
23433063474,2026-06-30,0.0,110
23433063474,2026-06-30,0.0,110
23433063474,2026-06-30,0.0,111
23433063474,2026-06-30,0.0,114
23433063474,2026-06-30,0.0,114
23433063474,2026-06-30,0.0,115
23433063474,2026-06-30,0.0,117
23433063474,2026-06-30,0.0,118
23433063474,2026-06-30,0.0,118
23433063474,2026-06-30,0.0,118
23433063474,2026-06-30,0.0,118
23433063474,2026-06-30,0.0,119
23433063474,2026-06-30,0.0,119
23433063474,2026-06-30,0.0,121
23433063474,2026-06-30,0.0,121
23433063474,2026-06-30,0.0,122
23433063474,2026-06-30,0.0,123
23433063474,2026-06-30,0.0,124
23433063474,2026-06-30,0.1,125
23433063474,2026-06-30,0.1,125
23433063474,2026-06-30,0.1,125
23433063474,2026-06-30,0.1,125
23433063474,2026-06-30,0.1,124
23433063474,2026-06-30,0.1,124
23433063474,2026-06-30,0.1,123
23433063474,2026-06-30,0.1,125
23433063474,2026-06-30,0.1,127
23433063474,2026-06-30,0.1,127
23433063474,2026-06-30,0.1,128
23433063474,2026-06-30,0.1,128
23433063474,2026-06-30,0.1,127
23433063474,2026-06-30,0.1,126
23433063474,2026-06-30,0.1,126
23433063474,2026-06-30,0.1,126
23433063474,2026-06-30,0.1,126
23433063474,2026-06-30,0.1,126
23433063474,2026-06-30,0.1,125
23433063474,2026-06-30,0.1,126
23433063474,2026-06-30,0.1,126
23433063474,2026-06-30,0.1,126
23433063474,2026-06-30,0.1,126
23433063474,2026-06-30,0.1,125
23433063474,2026-06-30,0.1,127
23433063474,2026-06-30,0.1,127
23433063474,2026-06-30,0.1,128
23433063474,2026-06-30,0.1,127
23433063474,2026-06-30,0.1,127
23433063474,2026-06-30,0.1,128
23433063474,2026-06-30,0.1,128
23433063474,2026-06-30,0.1,129
23433063474,2026-06-30,0.1,130
23433063474,2026-06-30,0.1,130
23433063474,2026-06-30,0.1,131
23433063474,2026-06-30,0.2,132
23433063474,2026-06-30,0.2,130
23433063474,2026-06-30,0.2,129
23433063474,2026-06-30,0.2,129
23433063474,2026-06-30,0.2,131
23433063474,2026-06-30,0.2,132
23433063474,2026-06-30,0.2,133
23433063474,2026-06-30,0.2,133
23433063474,2026-06-30,0.2,132
23433063474,2026-06-30,0.2,132
23433063474,2026-06-30,0.2,133
23433063474,2026-06-30,0.2,134
23433063474,2026-06-30,0.2,134
23433063474,2026-06-30,0.2,135
23433063474,2026-06-30,0.2,134
23433063474,2026-06-30,0.2,132
23433063474,2026-06-30,0.2,131
23433063474,2026-06-30,0.2,130
23433063474,2026-06-30,0.2,129
23433063474,2026-06-30,0.2,128
23433063474,2026-06-30,0.2,127
23433063474,2026-06-30,0.2,126
23433063474,2026-06-30,0.2,127
23433063474,2026-06-30,0.2,128
23433063474,2026-06-30,0.2,128
23433063474,2026-06-30,0.2,129
23433063474,2026-06-30,0.2,130
23433063474,2026-06-30,0.2,130
23433063474,2026-06-30,0.2,129
23433063474,2026-06-30,0.2,129
23433063474,2026-06-30,0.2,129
23433063474,2026-06-30,0.2,130
23433063474,2026-06-30,0.2,131
23433063474,2026-06-30,0.2,132
23433063474,2026-06-30,0.3,129
23433063474,2026-06-30,0.3,128
23433063474,2026-06-30,0.3,127
23433063474,2026-06-30,0.3,126
23433063474,2026-06-30,0.3,126
23433063474,2026-06-30,0.3,127
23433063474,2026-06-30,0.3,127
23433063474,2026-06-30,0.3,126
23433063474,2026-06-30,0.3,126
23433063474,2026-06-30,0.3,126
23433063474,2026-06-30,0.3,125
23433063474,2026-06-30,0.3,126
23433063474,2026-06-30,0.3,128
23433063474,2026-06-30,0.3,127
23433063474,2026-06-30,0.3,125
23433063474,2026-06-30,0.3,126
23433063474,2026-06-30,0.3,126
23433063474,2026-06-30,0.3,127
23433063474,2026-06-30,0.3,127
23433063474,2026-06-30,0.3,126
23433063474,2026-06-30,0.3,128
23433063474,2026-06-30,0.3,130
23433063474,2026-06-30,0.3,130
23433063474,2026-06-30,0.3,130
23433063474,2026-06-30,0.3,131
23433063474,2026-06-30,0.3,132
23433063474,2026-06-30,0.3,132
23433063474,2026-06-30,0.3,132
23433063474,2026-06-30,0.3,134
23433063474,2026-06-30,0.3,135
23433063474,2026-06-30,0.3,135
23433063474,2026-06-30,0.3,134
23433063474,2026-06-30,0.3,134
23433063474,2026-06-30,0.4,134
23433063474,2026-06-30,0.4,134
23433063474,2026-06-30,0.4,133
23433063474,2026-06-30,0.4,132
23433063474,2026-06-30,0.4,133
23433063474,2026-06-30,0.4,132
23433063474,2026-06-30,0.4,132
23433063474,2026-06-30,0.4,132
23433063474,2026-06-30,0.4,134
23433063474,2026-06-30,0.4,134
23433063474,2026-06-30,0.4,134
23433063474,2026-06-30,0.4,135
23433063474,2026-06-30,0.4,135
23433063474,2026-06-30,0.4,136
23433063474,2026-06-30,0.4,135
23433063474,2026-06-30,0.4,135
23433063474,2026-06-30,0.4,135
23433063474,2026-06-30,0.4,136
23433063474,2026-06-30,0.4,135
23433063474,2026-06-30,0.4,134
23433063474,2026-06-30,0.4,134
23433063474,2026-06-30,0.4,134
23433063474,2026-06-30,0.4,136
23433063474,2026-06-30,0.4,138
23433063474,2026-06-30,0.4,138
23433063474,2026-06-30,0.4,139
23433063474,2026-06-30,0.4,139
23433063474,2026-06-30,0.4,138
23433063474,2026-06-30,0.4,138
23433063474,2026-06-30,0.4,139
23433063474,2026-06-30,0.4,140
23433063474,2026-06-30,0.4,140
23433063474,2026-06-30,0.4,137
23433063474,2026-06-30,0.5,136
23433063474,2026-06-30,0.5,135
23433063474,2026-06-30,0.5,135
23433063474,2026-06-30,0.5,134
23433063474,2026-06-30,0.5,134
23433063474,2026-06-30,0.5,135
23433063474,2026-06-30,0.5,135
23433063474,2026-06-30,0.5,136
23433063474,2026-06-30,0.5,136
23433063474,2026-06-30,0.5,134
23433063474,2026-06-30,0.5,132
23433063474,2026-06-30,0.5,129
23433063474,2026-06-30,0.5,128
23433063474,2026-06-30,0.5,128
23433063474,2026-06-30,0.5,129
23433063474,2026-06-30,0.5,130
23433063474,2026-06-30,0.5,132
23433063474,2026-06-30,0.5,133
23433063474,2026-06-30,0.5,134
23433063474,2026-06-30,0.5,135
23433063474,2026-06-30,0.5,137
23433063474,2026-06-30,0.5,137
23433063474,2026-06-30,0.5,138
23433063474,2026-06-30,0.5,139
23433063474,2026-06-30,0.5,141
23433063474,2026-06-30,0.5,142
23433063474,2026-06-30,0.5,141
23433063474,2026-06-30,0.5,140
23433063474,2026-06-30,0.5,139
23433063474,2026-06-30,0.5,137
23433063474,2026-06-30,0.5,138
23433063474,2026-06-30,0.5,139
23433063474,2026-06-30,0.5,140
23433063474,2026-06-30,0.5,140
23433063474,2026-06-30,0.6,139
23433063474,2026-06-30,0.6,139
23433063474,2026-06-30,0.6,139
23433063474,2026-06-30,0.6,139
23433063474,2026-06-30,0.6,138
23433063474,2026-06-30,0.6,138
23433063474,2026-06-30,0.6,137
23433063474,2026-06-30,0.6,138
23433063474,2026-06-30,0.6,140
23433063474,2026-06-30,0.6,140
23433063474,2026-06-30,0.6,140
23433063474,2026-06-30,0.6,139
23433063474,2026-06-30,0.6,139
23433063474,2026-06-30,0.6,137
23433063474,2026-06-30,0.6,136
23433063474,2026-06-30,0.6,135
23433063474,2026-06-30,0.6,135
23433063474,2026-06-30,0.6,136
23433063474,2026-06-30,0.6,137
23433063474,2026-06-30,0.6,137
23433063474,2026-06-30,0.6,138
23433063474,2026-06-30,0.6,139
23433063474,2026-06-30,0.6,140
23433063474,2026-06-30,0.6,141
23433063474,2026-06-30,0.6,141
23433063474,2026-06-30,0.6,141
23433063474,2026-06-30,0.6,141
23433063474,2026-06-30,0.6,142
23433063474,2026-06-30,0.6,142
23433063474,2026-06-30,0.6,141
23433063474,2026-06-30,0.6,140
23433063474,2026-06-30,0.6,141
23433063474,2026-06-30,0.6,142
23433063474,2026-06-30,0.7,141
23433063474,2026-06-30,0.7,140
23433063474,2026-06-30,0.7,142
23433063474,2026-06-30,0.7,142
23433063474,2026-06-30,0.7,140
23433063474,2026-06-30,0.7,140
23433063474,2026-06-30,0.7,140
23433063474,2026-06-30,0.7,139
23433063474,2026-06-30,0.7,139
23433063474,2026-06-30,0.7,139
23433063474,2026-06-30,0.7,138
23433063474,2026-06-30,0.7,136
23433063474,2026-06-30,0.7,134
23433063474,2026-06-30,0.7,134
23433063474,2026-06-30,0.7,135
23433063474,2026-06-30,0.7,134
23433063474,2026-06-30,0.7,134
23433063474,2026-06-30,0.7,134
23433063474,2026-06-30,0.7,135
23433063474,2026-06-30,0.7,135
23433063474,2026-06-30,0.7,136
23433063474,2026-06-30,0.7,136
23433063474,2026-06-30,0.7,137
23433063474,2026-06-30,0.7,137
23433063474,2026-06-30,0.7,136
23433063474,2026-06-30,0.7,134
23433063474,2026-06-30,0.7,133
23433063474,2026-06-30,0.7,133
23433063474,2026-06-30,0.7,134
23433063474,2026-06-30,0.7,134
23433063474,2026-06-30,0.7,134
23433063474,2026-06-30,0.7,134
23433063474,2026-06-30,0.7,135
23433063474,2026-06-30,0.8,135
23433063474,2026-06-30,0.8,135
23433063474,2026-06-30,0.8,136
23433063474,2026-06-30,0.8,136
23433063474,2026-06-30,0.8,137
23433063474,2026-06-30,0.8,137
23433063474,2026-06-30,0.8,138
23433063474,2026-06-30,0.8,138
23433063474,2026-06-30,0.8,137
23433063474,2026-06-30,0.8,136
23433063474,2026-06-30,0.8,136
23433063474,2026-06-30,0.8,135
23433063474,2026-06-30,0.8,135
23433063474,2026-06-30,0.8,135
23433063474,2026-06-30,0.8,135
23433063474,2026-06-30,0.8,135
23433063474,2026-06-30,0.8,135
23433063474,2026-06-30,0.8,136
23433063474,2026-06-30,0.8,136
23433063474,2026-06-30,0.8,138
23433063474,2026-06-30,0.8,138
23433063474,2026-06-30,0.8,139
23433063474,2026-06-30,0.8,139
23433063474,2026-06-30,0.8,138
23433063474,2026-06-30,0.8,137
23433063474,2026-06-30,0.8,137
23433063474,2026-06-30,0.8,137
23433063474,2026-06-30,0.8,136
23433063474,2026-06-30,0.8,136
23433063474,2026-06-30,0.8,137
23433063474,2026-06-30,0.8,138
23433063474,2026-06-30,0.8,139
23433063474,2026-06-30,0.8,140
23433063474,2026-06-30,0.8,140
23433063474,2026-06-30,0.8,139
23433063474,2026-06-30,0.9,138
23433063474,2026-06-30,0.9,137
23433063474,2026-06-30,0.9,137
23433063474,2026-06-30,0.9,137
23433063474,2026-06-30,0.9,138
23433063474,2026-06-30,0.9,137
23433063474,2026-06-30,0.9,136
23433063474,2026-06-30,0.9,136
23433063474,2026-06-30,0.9,137
23433063474,2026-06-30,0.9,137
23433063474,2026-06-30,0.9,138
23433063474,2026-06-30,0.9,138
23433063474,2026-06-30,0.9,138
23433063474,2026-06-30,0.9,138
23433063474,2026-06-30,0.9,140
23433063474,2026-06-30,0.9,142
23433063474,2026-06-30,0.9,141
23433063474,2026-06-30,0.9,140
23433063474,2026-06-30,0.9,139
23433063474,2026-06-30,0.9,138
23433063474,2026-06-30,0.9,138
23433063474,2026-06-30,0.9,136
23433063474,2026-06-30,0.9,136
23433063474,2026-06-30,0.9,135
23433063474,2026-06-30,0.9,135
23433063474,2026-06-30,0.9,134
23433063474,2026-06-30,0.9,135
23433063474,2026-06-30,0.9,136
23433063474,2026-06-30,0.9,136
23433063474,2026-06-30,0.9,135
23433063474,2026-06-30,0.9,135
23433063474,2026-06-30,0.9,135
23433063474,2026-06-30,0.9,137
23433063474,2026-06-30,0.9,138
23433063474,2026-06-30,1.0,139
23433063474,2026-06-30,1.0,141
23433063474,2026-06-30,1.0,141
23433063474,2026-06-30,1.0,142
23433063474,2026-06-30,1.0,142
23433063474,2026-06-30,1.0,142
23433063474,2026-06-30,1.0,141
23433063474,2026-06-30,1.0,141
23433063474,2026-06-30,1.0,141
23433063474,2026-06-30,1.0,141
23433063474,2026-06-30,1.0,140
23433063474,2026-06-30,1.0,140
23433063474,2026-06-30,1.0,140
23433063474,2026-06-30,1.0,140
23433063474,2026-06-30,1.0,140
23433063474,2026-06-30,1.0,142
23433063474,2026-06-30,1.0,143
23433063474,2026-06-30,1.0,143
23433063474,2026-06-30,1.0,144
23433063474,2026-06-30,1.0,144
23433063474,2026-06-30,1.0,143
23433063474,2026-06-30,1.0,143
23433063474,2026-06-30,1.0,142
23433063474,2026-06-30,1.0,141
23433063474,2026-06-30,1.0,140
23433063474,2026-06-30,1.0,139
23433063474,2026-06-30,1.0,138
23433063474,2026-06-30,1.0,139
23433063474,2026-06-30,1.0,140
23433063474,2026-06-30,1.0,141
23433063474,2026-06-30,1.0,142
23433063474,2026-06-30,1.0,142
23433063474,2026-06-30,1.0,141
23433063474,2026-06-30,1.1,141
23433063474,2026-06-30,1.1,141
23433063474,2026-06-30,1.1,140
23433063474,2026-06-30,1.1,140
23433063474,2026-06-30,1.1,140
23433063474,2026-06-30,1.1,140
23433063474,2026-06-30,1.1,140
23433063474,2026-06-30,1.1,139
23433063474,2026-06-30,1.1,139
23433063474,2026-06-30,1.1,139
23433063474,2026-06-30,1.1,140
23433063474,2026-06-30,1.1,139
23433063474,2026-06-30,1.1,140
23433063474,2026-06-30,1.1,140
23433063474,2026-06-30,1.1,140
23433063474,2026-06-30,1.1,141
23433063474,2026-06-30,1.1,141
23433063474,2026-06-30,1.1,142
23433063474,2026-06-30,1.1,142
23433063474,2026-06-30,1.1,142
23433063474,2026-06-30,1.1,142
23433063474,2026-06-30,1.1,142
23433063474,2026-06-30,1.1,141
23433063474,2026-06-30,1.1,141
23433063474,2026-06-30,1.1,141
23433063474,2026-06-30,1.1,140
23433063474,2026-06-30,1.1,139
23433063474,2026-06-30,1.1,139
23433063474,2026-06-30,1.1,140
23433063474,2026-06-30,1.1,140
23433063474,2026-06-30,1.1,140
23433063474,2026-06-30,1.1,141
23433063474,2026-06-30,1.1,141
23433063474,2026-06-30,1.1,142
23433063474,2026-06-30,1.1,144
23433063474,2026-06-30,1.2,143
23433063474,2026-06-30,1.2,143
23433063474,2026-06-30,1.2,144
23433063474,2026-06-30,1.2,145
23433063474,2026-06-30,1.2,144
23433063474,2026-06-30,1.2,144
23433063474,2026-06-30,1.2,144
23433063474,2026-06-30,1.2,143
23433063474,2026-06-30,1.2,142
23433063474,2026-06-30,1.2,141
23433063474,2026-06-30,1.2,140
23433063474,2026-06-30,1.2,139
23433063474,2026-06-30,1.2,139
23433063474,2026-06-30,1.2,139
23433063474,2026-06-30,1.2,139
23433063474,2026-06-30,1.2,140
23433063474,2026-06-30,1.2,142
23433063474,2026-06-30,1.2,143
23433063474,2026-06-30,1.2,144
23433063474,2026-06-30,1.2,145
23433063474,2026-06-30,1.2,145
23433063474,2026-06-30,1.2,146
23433063474,2026-06-30,1.2,145
23433063474,2026-06-30,1.2,146
23433063474,2026-06-30,1.2,146
23433063474,2026-06-30,1.2,147
23433063474,2026-06-30,1.2,147
23433063474,2026-06-30,1.2,149
23433063474,2026-06-30,1.2,149
23433063474,2026-06-30,1.2,149
23433063474,2026-06-30,1.2,150
23433063474,2026-06-30,1.2,151
23433063474,2026-06-30,1.2,151
23433063474,2026-06-30,1.3,151
23433063474,2026-06-30,1.3,150
23433063474,2026-06-30,1.3,148
23433063474,2026-06-30,1.3,147
23433063474,2026-06-30,1.3,148
23433063474,2026-06-30,1.3,147
23433063474,2026-06-30,1.3,147
23433063474,2026-06-30,1.3,145
23433063474,2026-06-30,1.3,144
23433063474,2026-06-30,1.3,142
23433063474,2026-06-30,1.3,140
23433063474,2026-06-30,1.3,139
23433063474,2026-06-30,1.3,138
23433063474,2026-06-30,1.3,137
23433063474,2026-06-30,1.3,137
23433063474,2026-06-30,1.3,138
23433063474,2026-06-30,1.3,139
23433063474,2026-06-30,1.3,137
23433063474,2026-06-30,1.3,135
23433063474,2026-06-30,1.3,135
23433063474,2026-06-30,1.3,136
23433063474,2026-06-30,1.3,137
23433063474,2026-06-30,1.3,137
23433063474,2026-06-30,1.3,136
23433063474,2026-06-30,1.3,135
23433063474,2026-06-30,1.3,136
23433063474,2026-06-30,1.3,138
23433063474,2026-06-30,1.3,139
23433063474,2026-06-30,1.3,141
23433063474,2026-06-30,1.3,142
23433063474,2026-06-30,1.3,141
23433063474,2026-06-30,1.3,141
23433063474,2026-06-30,1.3,142
23433063474,2026-06-30,1.4,144
23433063474,2026-06-30,1.4,144
23433063474,2026-06-30,1.4,144
23433063474,2026-06-30,1.4,145
23433063474,2026-06-30,1.4,145
23433063474,2026-06-30,1.4,145
23433063474,2026-06-30,1.4,146
23433063474,2026-06-30,1.4,145
23433063474,2026-06-30,1.4,146
23433063474,2026-06-30,1.4,145
23433063474,2026-06-30,1.4,146
23433063474,2026-06-30,1.4,146
23433063474,2026-06-30,1.4,147
23433063474,2026-06-30,1.4,146
23433063474,2026-06-30,1.4,145
23433063474,2026-06-30,1.4,144
23433063474,2026-06-30,1.4,144
23433063474,2026-06-30,1.4,145
23433063474,2026-06-30,1.4,145
23433063474,2026-06-30,1.4,146
23433063474,2026-06-30,1.4,146
23433063474,2026-06-30,1.4,144
23433063474,2026-06-30,1.4,145
23433063474,2026-06-30,1.4,145
23433063474,2026-06-30,1.4,145
23433063474,2026-06-30,1.4,145
23433063474,2026-06-30,1.4,144
23433063474,2026-06-30,1.4,144
23433063474,2026-06-30,1.4,144
23433063474,2026-06-30,1.4,144
23433063474,2026-06-30,1.4,145
23433063474,2026-06-30,1.4,145
23433063474,2026-06-30,1.4,146
23433063474,2026-06-30,1.4,146
23433063474,2026-06-30,1.5,144
23433063474,2026-06-30,1.5,145
23433063474,2026-06-30,1.5,144
23433063474,2026-06-30,1.5,143
23433063474,2026-06-30,1.5,143
23433063474,2026-06-30,1.5,142
23433063474,2026-06-30,1.5,142
23433063474,2026-06-30,1.5,143
23433063474,2026-06-30,1.5,143
23433063474,2026-06-30,1.5,143
23433063474,2026-06-30,1.5,142
23433063474,2026-06-30,1.5,141
23433063474,2026-06-30,1.5,141
23433063474,2026-06-30,1.5,141
23433063474,2026-06-30,1.5,140
23433063474,2026-06-30,1.5,139
23433063474,2026-06-30,1.5,140
23433063474,2026-06-30,1.5,142
23433063474,2026-06-30,1.5,143
23433063474,2026-06-30,1.5,142
23433063474,2026-06-30,1.5,141
23433063474,2026-06-30,1.5,141
23433063474,2026-06-30,1.5,141
23433063474,2026-06-30,1.5,141
23433063474,2026-06-30,1.5,140
23433063474,2026-06-30,1.5,141
23433063474,2026-06-30,1.5,141
23433063474,2026-06-30,1.5,141
23433063474,2026-06-30,1.5,141
23433063474,2026-06-30,1.5,143
23433063474,2026-06-30,1.5,144
23433063474,2026-06-30,1.5,144
23433063474,2026-06-30,1.5,143
23433063474,2026-06-30,1.6,142
23433063474,2026-06-30,1.6,142
23433063474,2026-06-30,1.6,142
23433063474,2026-06-30,1.6,142
23433063474,2026-06-30,1.6,142
23433063474,2026-06-30,1.6,142
23433063474,2026-06-30,1.6,142
23433063474,2026-06-30,1.6,141
23433063474,2026-06-30,1.6,141
23433063474,2026-06-30,1.6,141
23433063474,2026-06-30,1.6,140
23433063474,2026-06-30,1.6,141
23433063474,2026-06-30,1.6,142
23433063474,2026-06-30,1.6,142
23433063474,2026-06-30,1.6,142
23433063474,2026-06-30,1.6,142
23433063474,2026-06-30,1.6,143
23433063474,2026-06-30,1.6,144
23433063474,2026-06-30,1.6,144
23433063474,2026-06-30,1.6,145
23433063474,2026-06-30,1.6,144
23433063474,2026-06-30,1.6,144
23433063474,2026-06-30,1.6,143
23433063474,2026-06-30,1.6,142
23433063474,2026-06-30,1.6,140
23433063474,2026-06-30,1.6,141
23433063474,2026-06-30,1.6,141
23433063474,2026-06-30,1.6,141
23433063474,2026-06-30,1.6,142
23433063474,2026-06-30,1.6,143
23433063474,2026-06-30,1.6,144
23433063474,2026-06-30,1.6,142
23433063474,2026-06-30,1.6,141
23433063474,2026-06-30,1.6,142
23433063474,2026-06-30,1.7,143
23433063474,2026-06-30,1.7,144
23433063474,2026-06-30,1.7,145
23433063474,2026-06-30,1.7,144
23433063474,2026-06-30,1.7,145
23433063474,2026-06-30,1.7,145
23433063474,2026-06-30,1.7,145
23433063474,2026-06-30,1.7,144
23433063474,2026-06-30,1.7,143
23433063474,2026-06-30,1.7,143
23433063474,2026-06-30,1.7,143
23433063474,2026-06-30,1.7,143
23433063474,2026-06-30,1.7,142
23433063474,2026-06-30,1.7,141
23433063474,2026-06-30,1.7,141
23433063474,2026-06-30,1.7,141
23433063474,2026-06-30,1.7,140
23433063474,2026-06-30,1.7,139
23433063474,2026-06-30,1.7,140
23433063474,2026-06-30,1.7,140
23433063474,2026-06-30,1.7,139
23433063474,2026-06-30,1.7,139
23433063474,2026-06-30,1.7,140
23433063474,2026-06-30,1.7,140
23433063474,2026-06-30,1.7,140
23433063474,2026-06-30,1.7,140
23433063474,2026-06-30,1.7,141
23433063474,2026-06-30,1.7,140
23433063474,2026-06-30,1.7,140
23433063474,2026-06-30,1.7,141
23433063474,2026-06-30,1.7,141
23433063474,2026-06-30,1.7,141
23433063474,2026-06-30,1.7,142
23433063474,2026-06-30,1.7,142
23433063474,2026-06-30,1.8,143
23433063474,2026-06-30,1.8,143
23433063474,2026-06-30,1.8,143
23433063474,2026-06-30,1.8,143
23433063474,2026-06-30,1.8,143
23433063474,2026-06-30,1.8,142
23433063474,2026-06-30,1.8,141
23433063474,2026-06-30,1.8,141
23433063474,2026-06-30,1.8,140
23433063474,2026-06-30,1.8,140
23433063474,2026-06-30,1.8,139
23433063474,2026-06-30,1.8,138
23433063474,2026-06-30,1.8,138
23433063474,2026-06-30,1.8,139
23433063474,2026-06-30,1.8,140
23433063474,2026-06-30,1.8,143
23433063474,2026-06-30,1.8,145
23433063474,2026-06-30,1.8,146
23433063474,2026-06-30,1.8,147
23433063474,2026-06-30,1.8,146
23433063474,2026-06-30,1.8,147
23433063474,2026-06-30,1.8,145
23433063474,2026-06-30,1.8,144
23433063474,2026-06-30,1.8,143
23433063474,2026-06-30,1.8,143
23433063474,2026-06-30,1.8,143
23433063474,2026-06-30,1.8,144
23433063474,2026-06-30,1.8,144
23433063474,2026-06-30,1.8,145
23433063474,2026-06-30,1.8,145
23433063474,2026-06-30,1.8,148
23433063474,2026-06-30,1.8,148
23433063474,2026-06-30,1.8,148
23433063474,2026-06-30,1.9,148
23433063474,2026-06-30,1.9,148
23433063474,2026-06-30,1.9,149
23433063474,2026-06-30,1.9,148
23433063474,2026-06-30,1.9,147
23433063474,2026-06-30,1.9,148
23433063474,2026-06-30,1.9,148
23433063474,2026-06-30,1.9,149
23433063474,2026-06-30,1.9,148
23433063474,2026-06-30,1.9,148
23433063474,2026-06-30,1.9,149
23433063474,2026-06-30,1.9,149
23433063474,2026-06-30,1.9,149
23433063474,2026-06-30,1.9,148
23433063474,2026-06-30,1.9,148
23433063474,2026-06-30,1.9,146
23433063474,2026-06-30,1.9,147
23433063474,2026-06-30,1.9,146
23433063474,2026-06-30,1.9,147
23433063474,2026-06-30,1.9,145
23433063474,2026-06-30,1.9,146
23433063474,2026-06-30,1.9,145
23433063474,2026-06-30,1.9,147
23433063474,2026-06-30,1.9,148
23433063474,2026-06-30,1.9,150
23433063474,2026-06-30,1.9,151
23433063474,2026-06-30,1.9,150
23433063474,2026-06-30,1.9,150
23433063474,2026-06-30,1.9,149
23433063474,2026-06-30,1.9,147
23433063474,2026-06-30,1.9,146
23433063474,2026-06-30,1.9,145
23433063474,2026-06-30,1.9,143
23433063474,2026-06-30,1.9,143
23433063474,2026-06-30,2.0,142
23433063474,2026-06-30,2.0,141
23433063474,2026-06-30,2.0,141
23433063474,2026-06-30,2.0,140
23433063474,2026-06-30,2.0,138
23433063474,2026-06-30,2.0,139
23433063474,2026-06-30,2.0,140
23433063474,2026-06-30,2.0,142
23433063474,2026-06-30,2.0,144
23433063474,2026-06-30,2.0,145
23433063474,2026-06-30,2.0,144
23433063474,2026-06-30,2.0,143
23433063474,2026-06-30,2.0,143
23433063474,2026-06-30,2.0,142
23433063474,2026-06-30,2.0,141
23433063474,2026-06-30,2.0,140
23433063474,2026-06-30,2.0,140
23433063474,2026-06-30,2.0,140
23433063474,2026-06-30,2.0,142
23433063474,2026-06-30,2.0,142
23433063474,2026-06-30,2.0,142
23433063474,2026-06-30,2.0,142
23433063474,2026-06-30,2.0,144
23433063474,2026-06-30,2.0,143
23433063474,2026-06-30,2.0,144
23433063474,2026-06-30,2.0,144
23433063474,2026-06-30,2.0,144
23433063474,2026-06-30,2.0,142
23433063474,2026-06-30,2.0,142
23433063474,2026-06-30,2.0,143
23433063474,2026-06-30,2.0,142
23433063474,2026-06-30,2.0,142
23433063474,2026-06-30,2.0,141
23433063474,2026-06-30,2.1,141
23433063474,2026-06-30,2.1,143
23433063474,2026-06-30,2.1,142
23433063474,2026-06-30,2.1,142
23433063474,2026-06-30,2.1,142
23433063474,2026-06-30,2.1,141
23433063474,2026-06-30,2.1,141
23433063474,2026-06-30,2.1,142
23433063474,2026-06-30,2.1,144
23433063474,2026-06-30,2.1,145
23433063474,2026-06-30,2.1,146
23433063474,2026-06-30,2.1,145
23433063474,2026-06-30,2.1,146
23433063474,2026-06-30,2.1,145
23433063474,2026-06-30,2.1,145
23433063474,2026-06-30,2.1,146
23433063474,2026-06-30,2.1,146
23433063474,2026-06-30,2.1,149
23433063474,2026-06-30,2.1,150
23433063474,2026-06-30,2.1,151
23433063474,2026-06-30,2.1,153
23433063474,2026-06-30,2.1,155
23433063474,2026-06-30,2.1,158
23433063474,2026-06-30,2.1,159
23433063474,2026-06-30,2.1,159
23433063474,2026-06-30,2.1,159
23433063474,2026-06-30,2.1,160
23433063474,2026-06-30,2.1,161
23433063474,2026-06-30,2.1,161
23433063474,2026-06-30,2.1,162
23433063474,2026-06-30,2.1,162
23433063474,2026-06-30,2.1,163
23433063474,2026-06-30,2.1,163
23433063474,2026-06-30,2.2,164
23433063474,2026-06-30,2.2,164
23433063474,2026-06-30,2.2,163
23433063474,2026-06-30,2.2,164
23433063474,2026-06-30,2.2,162
23433063474,2026-06-30,2.2,162
23433063474,2026-06-30,2.2,160
23433063474,2026-06-30,2.2,160
23433063474,2026-06-30,2.2,160
23433063474,2026-06-30,2.2,157
23433063474,2026-06-30,2.2,154
23433063474,2026-06-30,2.2,153
23433063474,2026-06-30,2.2,152
23433063474,2026-06-30,2.2,151
23433063474,2026-06-30,2.2,151
23433063474,2026-06-30,2.2,151
23433063474,2026-06-30,2.2,151
23433063474,2026-06-30,2.2,150
23433063474,2026-06-30,2.2,148
23433063474,2026-06-30,2.2,147
23433063474,2026-06-30,2.2,147
23433063474,2026-06-30,2.2,148
23433063474,2026-06-30,2.2,147
23433063474,2026-06-30,2.2,145
23433063474,2026-06-30,2.2,143
23433063474,2026-06-30,2.2,141
23433063474,2026-06-30,2.2,142
23433063474,2026-06-30,2.2,143
23433063474,2026-06-30,2.2,143
23433063474,2026-06-30,2.2,143
23433063474,2026-06-30,2.2,143
23433063474,2026-06-30,2.2,144
23433063474,2026-06-30,2.2,145
23433063474,2026-06-30,2.2,146
23433063474,2026-06-30,2.3,147
23433063474,2026-06-30,2.3,147
23433063474,2026-06-30,2.3,146
23433063474,2026-06-30,2.3,145
23433063474,2026-06-30,2.3,145
23433063474,2026-06-30,2.3,144
23433063474,2026-06-30,2.3,143
23433063474,2026-06-30,2.3,142
23433063474,2026-06-30,2.3,141
23433063474,2026-06-30,2.3,141
23433063474,2026-06-30,2.3,141
23433063474,2026-06-30,2.3,140
23433063474,2026-06-30,2.3,139
23433063474,2026-06-30,2.3,138
23433063474,2026-06-30,2.3,138
23433063474,2026-06-30,2.3,140
23433063474,2026-06-30,2.3,141
23433063474,2026-06-30,2.3,141
23433063474,2026-06-30,2.3,141
23433063474,2026-06-30,2.3,142
23433063474,2026-06-30,2.3,142
23433063474,2026-06-30,2.3,142
23433063474,2026-06-30,2.3,142
23433063474,2026-06-30,2.3,142
23433063474,2026-06-30,2.3,142
23433063474,2026-06-30,2.3,144
23433063474,2026-06-30,2.3,145
23433063474,2026-06-30,2.3,146
23433063474,2026-06-30,2.3,147
23433063474,2026-06-30,2.3,148
23433063474,2026-06-30,2.3,148
23433063474,2026-06-30,2.3,148
23433063474,2026-06-30,2.3,148
23433063474,2026-06-30,2.4,147
23433063474,2026-06-30,2.4,148
23433063474,2026-06-30,2.4,148
23433063474,2026-06-30,2.4,149
23433063474,2026-06-30,2.4,150
23433063474,2026-06-30,2.4,151
23433063474,2026-06-30,2.4,150
23433063474,2026-06-30,2.4,149
23433063474,2026-06-30,2.4,149
23433063474,2026-06-30,2.4,150
23433063474,2026-06-30,2.4,149
23433063474,2026-06-30,2.4,148
23433063474,2026-06-30,2.4,148
23433063474,2026-06-30,2.4,148
23433063474,2026-06-30,2.4,148
23433063474,2026-06-30,2.4,148
23433063474,2026-06-30,2.4,148
23433063474,2026-06-30,2.4,150
23433063474,2026-06-30,2.4,150
23433063474,2026-06-30,2.4,150
23433063474,2026-06-30,2.4,150
23433063474,2026-06-30,2.4,152
23433063474,2026-06-30,2.4,152
23433063474,2026-06-30,2.4,151
23433063474,2026-06-30,2.4,150
23433063474,2026-06-30,2.4,151
23433063474,2026-06-30,2.4,153
23433063474,2026-06-30,2.4,153
23433063474,2026-06-30,2.4,152
23433063474,2026-06-30,2.4,152
23433063474,2026-06-30,2.4,152
23433063474,2026-06-30,2.4,152
23433063474,2026-06-30,2.4,152
23433063474,2026-06-30,2.5,152
23433063474,2026-06-30,2.5,151
23433063474,2026-06-30,2.5,152
23433063474,2026-06-30,2.5,152
23433063474,2026-06-30,2.5,152
23433063474,2026-06-30,2.5,150
23433063474,2026-06-30,2.5,150
23433063474,2026-06-30,2.5,151
23433063474,2026-06-30,2.5,151
23433063474,2026-06-30,2.5,151
23433063474,2026-06-30,2.5,151
23433063474,2026-06-30,2.5,151
23433063474,2026-06-30,2.5,150
23433063474,2026-06-30,2.5,150
23433063474,2026-06-30,2.5,151
23433063474,2026-06-30,2.5,151
23433063474,2026-06-30,2.5,150
23433063474,2026-06-30,2.5,151
23433063474,2026-06-30,2.5,152
23433063474,2026-06-30,2.5,150
23433063474,2026-06-30,2.5,148
23433063474,2026-06-30,2.5,146
23433063474,2026-06-30,2.5,147
23433063474,2026-06-30,2.5,146
23433063474,2026-06-30,2.5,146
23433063474,2026-06-30,2.5,144
23433063474,2026-06-30,2.5,142
23433063474,2026-06-30,2.5,141
23433063474,2026-06-30,2.5,141
23433063474,2026-06-30,2.5,141
23433063474,2026-06-30,2.5,140
23433063474,2026-06-30,2.5,140
23433063474,2026-06-30,2.5,139
23433063474,2026-06-30,2.5,139
23433063474,2026-06-30,2.6,140
23433063474,2026-06-30,2.6,141
23433063474,2026-06-30,2.6,141
23433063474,2026-06-30,2.6,139
23433063474,2026-06-30,2.6,139
23433063474,2026-06-30,2.6,139
23433063474,2026-06-30,2.6,139
23433063474,2026-06-30,2.6,138
23433063474,2026-06-30,2.6,139
23433063474,2026-06-30,2.6,138
23433063474,2026-06-30,2.6,137
23433063474,2026-06-30,2.6,135
23433063474,2026-06-30,2.6,135
23433063474,2026-06-30,2.6,137
23433063474,2026-06-30,2.6,139
23433063474,2026-06-30,2.6,141
23433063474,2026-06-30,2.6,141
23433063474,2026-06-30,2.6,140
23433063474,2026-06-30,2.6,139
23433063474,2026-06-30,2.6,138
23433063474,2026-06-30,2.6,137
23433063474,2026-06-30,2.6,136
23433063474,2026-06-30,2.6,135
23433063474,2026-06-30,2.6,135
23433063474,2026-06-30,2.6,136
23433063474,2026-06-30,2.6,137
23433063474,2026-06-30,2.6,138
23433063474,2026-06-30,2.6,139
23433063474,2026-06-30,2.6,140
23433063474,2026-06-30,2.6,142
23433063474,2026-06-30,2.6,142
23433063474,2026-06-30,2.6,144
23433063474,2026-06-30,2.6,143
23433063474,2026-06-30,2.6,144
23433063474,2026-06-30,2.6,143
23433063474,2026-06-30,2.6,143
23433063474,2026-06-30,2.7,143
23433063474,2026-06-30,2.7,144
23433063474,2026-06-30,2.7,147
23433063474,2026-06-30,2.7,149
23433063474,2026-06-30,2.7,148
23433063474,2026-06-30,2.7,147
23433063474,2026-06-30,2.7,146
23433063474,2026-06-30,2.7,145
23433063474,2026-06-30,2.7,144
23433063474,2026-06-30,2.7,143
23433063474,2026-06-30,2.7,142
23433063474,2026-06-30,2.7,141
23433063474,2026-06-30,2.7,142
23433063474,2026-06-30,2.7,143
23433063474,2026-06-30,2.7,143
23433063474,2026-06-30,2.7,143
23433063474,2026-06-30,2.7,143
23433063474,2026-06-30,2.7,142
23433063474,2026-06-30,2.7,142
23433063474,2026-06-30,2.7,144
23433063474,2026-06-30,2.7,143
23433063474,2026-06-30,2.7,143
23433063474,2026-06-30,2.7,144
23433063474,2026-06-30,2.7,143
23433063474,2026-06-30,2.7,143
23433063474,2026-06-30,2.7,143
23433063474,2026-06-30,2.7,143
23433063474,2026-06-30,2.7,144
23433063474,2026-06-30,2.7,146
23433063474,2026-06-30,2.7,146
23433063474,2026-06-30,2.7,147
23433063474,2026-06-30,2.7,150
23433063474,2026-06-30,2.7,152
23433063474,2026-06-30,2.7,153
23433063474,2026-06-30,2.7,154
23433063474,2026-06-30,2.8,154
23433063474,2026-06-30,2.8,155
23433063474,2026-06-30,2.8,156
23433063474,2026-06-30,2.8,156
23433063474,2026-06-30,2.8,156
23433063474,2026-06-30,2.8,157
23433063474,2026-06-30,2.8,158
23433063474,2026-06-30,2.8,160
23433063474,2026-06-30,2.8,162
23433063474,2026-06-30,2.8,163
23433063474,2026-06-30,2.8,162
23433063474,2026-06-30,2.8,161
23433063474,2026-06-30,2.8,161
23433063474,2026-06-30,2.8,160
23433063474,2026-06-30,2.8,159
23433063474,2026-06-30,2.8,159
23433063474,2026-06-30,2.8,159
23433063474,2026-06-30,2.8,158
23433063474,2026-06-30,2.8,155
23433063474,2026-06-30,2.8,153
23433063474,2026-06-30,2.8,152
23433063474,2026-06-30,2.8,151
23433063474,2026-06-30,2.8,149
23433063474,2026-06-30,2.8,149
23433063474,2026-06-30,2.8,149
23433063474,2026-06-30,2.8,149
23433063474,2026-06-30,2.8,149
23433063474,2026-06-30,2.8,148
23433063474,2026-06-30,2.8,146
23433063474,2026-06-30,2.8,144
23433063474,2026-06-30,2.8,143
23433063474,2026-06-30,2.8,144
23433063474,2026-06-30,2.8,143
23433063474,2026-06-30,2.9,142
23433063474,2026-06-30,2.9,141
23433063474,2026-06-30,2.9,144
23433063474,2026-06-30,2.9,145
23433063474,2026-06-30,2.9,145
23433063474,2026-06-30,2.9,144
23433063474,2026-06-30,2.9,143
23433063474,2026-06-30,2.9,143
23433063474,2026-06-30,2.9,144
23433063474,2026-06-30,2.9,144
23433063474,2026-06-30,2.9,144
23433063474,2026-06-30,2.9,144
23433063474,2026-06-30,2.9,145
23433063474,2026-06-30,2.9,145
23433063474,2026-06-30,2.9,145
23433063474,2026-06-30,2.9,145
23433063474,2026-06-30,2.9,147
23433063474,2026-06-30,2.9,147
23433063474,2026-06-30,2.9,147
23433063474,2026-06-30,2.9,148
23433063474,2026-06-30,2.9,148
23433063474,2026-06-30,2.9,149
23433063474,2026-06-30,2.9,151
23433063474,2026-06-30,2.9,151
23433063474,2026-06-30,2.9,149
23433063474,2026-06-30,2.9,149
23433063474,2026-06-30,2.9,149
23433063474,2026-06-30,2.9,149
23433063474,2026-06-30,2.9,149
23433063474,2026-06-30,2.9,148
23433063474,2026-06-30,2.9,147
23433063474,2026-06-30,2.9,149
23433063474,2026-06-30,2.9,149
23433063474,2026-06-30,2.9,148
23433063474,2026-06-30,3.0,149
23433063474,2026-06-30,3.0,148
23433063474,2026-06-30,3.0,148
23433063474,2026-06-30,3.0,149
23433063474,2026-06-30,3.0,148
23433063474,2026-06-30,3.0,147
23433063474,2026-06-30,3.0,148
23433063474,2026-06-30,3.0,148
23433063474,2026-06-30,3.0,148
23433063474,2026-06-30,3.0,150
23433063474,2026-06-30,3.0,150
23433063474,2026-06-30,3.0,149
23433063474,2026-06-30,3.0,149
23433063474,2026-06-30,3.0,150
23433063474,2026-06-30,3.0,150
23433063474,2026-06-30,3.0,150
23433063474,2026-06-30,3.0,150
23433063474,2026-06-30,3.0,150
23433063474,2026-06-30,3.0,149
23433063474,2026-06-30,3.0,149
23433063474,2026-06-30,3.0,147
23433063474,2026-06-30,3.0,147
23433063474,2026-06-30,3.0,145
23433063474,2026-06-30,3.0,145
23433063474,2026-06-30,3.0,144
23433063474,2026-06-30,3.0,143
23433063474,2026-06-30,3.0,142
23433063474,2026-06-30,3.0,143
23433063474,2026-06-30,3.0,143
23433063474,2026-06-30,3.0,144
23433063474,2026-06-30,3.0,144
23433063474,2026-06-30,3.0,144
23433063474,2026-06-30,3.0,145
23433063474,2026-06-30,3.0,145
23433063474,2026-06-30,3.1,144
23433063474,2026-06-30,3.1,145
23433063474,2026-06-30,3.1,145
23433063474,2026-06-30,3.1,145
23433063474,2026-06-30,3.1,144
23433063474,2026-06-30,3.1,144
23433063474,2026-06-30,3.1,144
23433063474,2026-06-30,3.1,142
23433063474,2026-06-30,3.1,141
23433063474,2026-06-30,3.1,140
23433063474,2026-06-30,3.1,139
23433063474,2026-06-30,3.1,137
23433063474,2026-06-30,3.1,138
23433063474,2026-06-30,3.1,138
23433063474,2026-06-30,3.1,137
23433063474,2026-06-30,3.1,136
23433063474,2026-06-30,3.1,135
23433063474,2026-06-30,3.1,134
23433063474,2026-06-30,3.1,135
23433063474,2026-06-30,3.1,136
23433063474,2026-06-30,3.1,137
23433063474,2026-06-30,3.1,139
23433063474,2026-06-30,3.1,140
23433063474,2026-06-30,3.1,141
23433063474,2026-06-30,3.1,142
23433063474,2026-06-30,3.1,142
23433063474,2026-06-30,3.1,143
23433063474,2026-06-30,3.1,143
23433063474,2026-06-30,3.1,144
23433063474,2026-06-30,3.1,145
23433063474,2026-06-30,3.1,145
23433063474,2026-06-30,3.1,147
23433063474,2026-06-30,3.1,148
23433063474,2026-06-30,3.1,151
23433063474,2026-06-30,3.2,153
23433063474,2026-06-30,3.2,154
23433063474,2026-06-30,3.2,154
23433063474,2026-06-30,3.2,154
23433063474,2026-06-30,3.2,154
23433063474,2026-06-30,3.2,155
23433063474,2026-06-30,3.2,155
23433063474,2026-06-30,3.2,155
23433063474,2026-06-30,3.2,156
23433063474,2026-06-30,3.2,156
23433063474,2026-06-30,3.2,156
23433063474,2026-06-30,3.2,155
23433063474,2026-06-30,3.2,154
23433063474,2026-06-30,3.2,154
23433063474,2026-06-30,3.2,155
23433063474,2026-06-30,3.2,154
23433063474,2026-06-30,3.2,153
23433063474,2026-06-30,3.2,151
23433063474,2026-06-30,3.2,146
23433063474,2026-06-30,3.2,142
23433063474,2026-06-30,3.2,143
23433063474,2026-06-30,3.2,144
23433063474,2026-06-30,3.2,143
23433063474,2026-06-30,3.2,144
23433063474,2026-06-30,3.2,144
23433063474,2026-06-30,3.2,143
23433063474,2026-06-30,3.2,144
23433063474,2026-06-30,3.2,143
23433063474,2026-06-30,3.2,141
23433063474,2026-06-30,3.2,142
23433063474,2026-06-30,3.2,143
23433063474,2026-06-30,3.2,144
23433063474,2026-06-30,3.2,145
23433063474,2026-06-30,3.3,146
23433063474,2026-06-30,3.3,145
23433063474,2026-06-30,3.3,143
23433063474,2026-06-30,3.3,143
23433063474,2026-06-30,3.3,142
23433063474,2026-06-30,3.3,142
23433063474,2026-06-30,3.3,142
23433063474,2026-06-30,3.3,141
23433063474,2026-06-30,3.3,140
23433063474,2026-06-30,3.3,140
23433063474,2026-06-30,3.3,141
23433063474,2026-06-30,3.3,142
23433063474,2026-06-30,3.3,142
23433063474,2026-06-30,3.3,143
23433063474,2026-06-30,3.3,143
23433063474,2026-06-30,3.3,144
23433063474,2026-06-30,3.3,145
23433063474,2026-06-30,3.3,145
23433063474,2026-06-30,3.3,147
23433063474,2026-06-30,3.3,146
23433063474,2026-06-30,3.3,147
23433063474,2026-06-30,3.3,147
23433063474,2026-06-30,3.3,147
23433063474,2026-06-30,3.3,146
23433063474,2026-06-30,3.3,146
23433063474,2026-06-30,3.3,146
23433063474,2026-06-30,3.3,145
23433063474,2026-06-30,3.3,145
23433063474,2026-06-30,3.3,145
23433063474,2026-06-30,3.3,145
23433063474,2026-06-30,3.3,146
23433063474,2026-06-30,3.3,146
23433063474,2026-06-30,3.3,147
23433063474,2026-06-30,3.4,148
23433063474,2026-06-30,3.4,148
23433063474,2026-06-30,3.4,148
23433063474,2026-06-30,3.4,150
23433063474,2026-06-30,3.4,149
23433063474,2026-06-30,3.4,149
23433063474,2026-06-30,3.4,150
23433063474,2026-06-30,3.4,148
23433063474,2026-06-30,3.4,148
23433063474,2026-06-30,3.4,147
23433063474,2026-06-30,3.4,147
23433063474,2026-06-30,3.4,147
23433063474,2026-06-30,3.4,147
23433063474,2026-06-30,3.4,147
23433063474,2026-06-30,3.4,147
23433063474,2026-06-30,3.4,147
23433063474,2026-06-30,3.4,146
23433063474,2026-06-30,3.4,148
23433063474,2026-06-30,3.4,147
23433063474,2026-06-30,3.4,148
23433063474,2026-06-30,3.4,146
23433063474,2026-06-30,3.4,145
23433063474,2026-06-30,3.4,144
23433063474,2026-06-30,3.4,143
23433063474,2026-06-30,3.4,143
23433063474,2026-06-30,3.4,142
23433063474,2026-06-30,3.4,141
23433063474,2026-06-30,3.4,141
23433063474,2026-06-30,3.4,141
23433063474,2026-06-30,3.4,141
23433063474,2026-06-30,3.4,142
23433063474,2026-06-30,3.4,143
23433063474,2026-06-30,3.4,143
23433063474,2026-06-30,3.5,143
23433063474,2026-06-30,3.5,143
23433063474,2026-06-30,3.5,143
23433063474,2026-06-30,3.5,144
23433063474,2026-06-30,3.5,144
23433063474,2026-06-30,3.5,144
23433063474,2026-06-30,3.5,145
23433063474,2026-06-30,3.5,146
23433063474,2026-06-30,3.5,147
23433063474,2026-06-30,3.5,146
23433063474,2026-06-30,3.5,147
23433063474,2026-06-30,3.5,146
23433063474,2026-06-30,3.5,147
23433063474,2026-06-30,3.5,146
23433063474,2026-06-30,3.5,146
23433063474,2026-06-30,3.5,147
23433063474,2026-06-30,3.5,148
23433063474,2026-06-30,3.5,149
23433063474,2026-06-30,3.5,149
23433063474,2026-06-30,3.5,148
23433063474,2026-06-30,3.5,148
23433063474,2026-06-30,3.5,148
23433063474,2026-06-30,3.5,148
23433063474,2026-06-30,3.5,148
23433063474,2026-06-30,3.5,147
23433063474,2026-06-30,3.5,147
23433063474,2026-06-30,3.5,145
23433063474,2026-06-30,3.5,146
23433063474,2026-06-30,3.5,146
23433063474,2026-06-30,3.5,144
23433063474,2026-06-30,3.5,146
23433063474,2026-06-30,3.5,147
23433063474,2026-06-30,3.5,146
23433063474,2026-06-30,3.5,146
23433063474,2026-06-30,3.6,147
23433063474,2026-06-30,3.6,148
23433063474,2026-06-30,3.6,149
23433063474,2026-06-30,3.6,149
23433063474,2026-06-30,3.6,150
23433063474,2026-06-30,3.6,151
23433063474,2026-06-30,3.6,151
23433063474,2026-06-30,3.6,152
23433063474,2026-06-30,3.6,152
23433063474,2026-06-30,3.6,153
23433063474,2026-06-30,3.6,152
23433063474,2026-06-30,3.6,152
23433063474,2026-06-30,3.6,153
23433063474,2026-06-30,3.6,151
23433063474,2026-06-30,3.6,151
23433063474,2026-06-30,3.6,150
23433063474,2026-06-30,3.6,151
23433063474,2026-06-30,3.6,151
23433063474,2026-06-30,3.6,152
23433063474,2026-06-30,3.6,155
23433063474,2026-06-30,3.6,155
23433063474,2026-06-30,3.6,154
23433063474,2026-06-30,3.6,154
23433063474,2026-06-30,3.6,154
23433063474,2026-06-30,3.6,154
23433063474,2026-06-30,3.6,153
23433063474,2026-06-30,3.6,151
23433063474,2026-06-30,3.6,151
23433063474,2026-06-30,3.6,152
23433063474,2026-06-30,3.6,152
23433063474,2026-06-30,3.6,152
23433063474,2026-06-30,3.6,152
23433063474,2026-06-30,3.6,152
23433063474,2026-06-30,3.7,150
23433063474,2026-06-30,3.7,150
23433063474,2026-06-30,3.7,150
23433063474,2026-06-30,3.7,148
23433063474,2026-06-30,3.7,146
23433063474,2026-06-30,3.7,147
23433063474,2026-06-30,3.7,146
23433063474,2026-06-30,3.7,145
23433063474,2026-06-30,3.7,146
23433063474,2026-06-30,3.7,145
23433063474,2026-06-30,3.7,144
23433063474,2026-06-30,3.7,145
23433063474,2026-06-30,3.7,145
23433063474,2026-06-30,3.7,145
23433063474,2026-06-30,3.7,147
23433063474,2026-06-30,3.7,148
23433063474,2026-06-30,3.7,147
23433063474,2026-06-30,3.7,148
23433063474,2026-06-30,3.7,148
23433063474,2026-06-30,3.7,149
23433063474,2026-06-30,3.7,149
23433063474,2026-06-30,3.7,150
23433063474,2026-06-30,3.7,149
23433063474,2026-06-30,3.7,148
23433063474,2026-06-30,3.7,147
23433063474,2026-06-30,3.7,147
23433063474,2026-06-30,3.7,147
23433063474,2026-06-30,3.7,148
23433063474,2026-06-30,3.7,149
23433063474,2026-06-30,3.7,150
23433063474,2026-06-30,3.7,151
23433063474,2026-06-30,3.7,152
23433063474,2026-06-30,3.7,152
23433063474,2026-06-30,3.7,152
23433063474,2026-06-30,3.8,152
23433063474,2026-06-30,3.8,151
23433063474,2026-06-30,3.8,150
23433063474,2026-06-30,3.8,151
23433063474,2026-06-30,3.8,151
23433063474,2026-06-30,3.8,150
23433063474,2026-06-30,3.8,150
23433063474,2026-06-30,3.8,149
23433063474,2026-06-30,3.8,149
23433063474,2026-06-30,3.8,148
23433063474,2026-06-30,3.8,148
23433063474,2026-06-30,3.8,148
23433063474,2026-06-30,3.8,148
23433063474,2026-06-30,3.8,149
23433063474,2026-06-30,3.8,148
23433063474,2026-06-30,3.8,147
23433063474,2026-06-30,3.8,147
23433063474,2026-06-30,3.8,147
23433063474,2026-06-30,3.8,148
23433063474,2026-06-30,3.8,149
23433063474,2026-06-30,3.8,148
23433063474,2026-06-30,3.8,147
23433063474,2026-06-30,3.8,146
23433063474,2026-06-30,3.8,146
23433063474,2026-06-30,3.8,144
23433063474,2026-06-30,3.8,144
23433063474,2026-06-30,3.8,146
23433063474,2026-06-30,3.8,147
23433063474,2026-06-30,3.8,148
23433063474,2026-06-30,3.8,148
23433063474,2026-06-30,3.8,149
23433063474,2026-06-30,3.8,148
23433063474,2026-06-30,3.8,149
23433063474,2026-06-30,3.8,149
23433063474,2026-06-30,3.9,150
23433063474,2026-06-30,3.9,150
23433063474,2026-06-30,3.9,150
23433063474,2026-06-30,3.9,150
23433063474,2026-06-30,3.9,151
23433063474,2026-06-30,3.9,151
23433063474,2026-06-30,3.9,151
23433063474,2026-06-30,3.9,151
23433063474,2026-06-30,3.9,151
23433063474,2026-06-30,3.9,149
23433063474,2026-06-30,3.9,148
23433063474,2026-06-30,3.9,148
23433063474,2026-06-30,3.9,147
23433063474,2026-06-30,3.9,146
23433063474,2026-06-30,3.9,146
23433063474,2026-06-30,3.9,146
23433063474,2026-06-30,3.9,147
23433063474,2026-06-30,3.9,148
23433063474,2026-06-30,3.9,149
23433063474,2026-06-30,3.9,149
23433063474,2026-06-30,3.9,149
23433063474,2026-06-30,3.9,149
23433063474,2026-06-30,3.9,148
23433063474,2026-06-30,3.9,148
23433063474,2026-06-30,3.9,149
23433063474,2026-06-30,3.9,148
23433063474,2026-06-30,3.9,149
23433063474,2026-06-30,3.9,148
23433063474,2026-06-30,3.9,148
23433063474,2026-06-30,3.9,149
23433063474,2026-06-30,3.9,147
23433063474,2026-06-30,3.9,148
23433063474,2026-06-30,3.9,152
23433063474,2026-06-30,4.0,157
23433063474,2026-06-30,4.0,163
23433063474,2026-06-30,4.0,167
23433063474,2026-06-30,4.0,169
23433063474,2026-06-30,4.0,168
23433063474,2026-06-30,4.0,167
23433063474,2026-06-30,4.0,167
23433063474,2026-06-30,4.0,167
23433063474,2026-06-30,4.0,168
23433063474,2026-06-30,4.0,168
23433063474,2026-06-30,4.0,162
23433063474,2026-06-30,4.0,154
23433063474,2026-06-30,4.0,151
23433063474,2026-06-30,4.0,149
23433063474,2026-06-30,4.0,150
23433063474,2026-06-30,4.0,150
23433063474,2026-06-30,4.0,151
23433063474,2026-06-30,4.0,151
23433063474,2026-06-30,4.0,151
23433063474,2026-06-30,4.0,152
23433063474,2026-06-30,4.0,154
23433063474,2026-06-30,4.0,152
23433063474,2026-06-30,4.0,152
23433063474,2026-06-30,4.0,152
23433063474,2026-06-30,4.0,152
23433063474,2026-06-30,4.0,152
23433063474,2026-06-30,4.0,152
23433063474,2026-06-30,4.0,152
23433063474,2026-06-30,4.0,153
23433063474,2026-06-30,4.0,153
23433063474,2026-06-30,4.0,153
23433063474,2026-06-30,4.0,155
23433063474,2026-06-30,4.0,155
23433063474,2026-06-30,4.0,155
23433063474,2026-06-30,4.0,154
23433063474,2026-06-30,4.0,154
23433063474,2026-06-30,4.1,155
23433063474,2026-06-30,4.1,156
23433063474,2026-06-30,4.1,156
23433063474,2026-06-30,4.1,156
23433063474,2026-06-30,4.1,156
23433063474,2026-06-30,4.1,156
23433063474,2026-06-30,4.1,155
23433063474,2026-06-30,4.1,155
23433063474,2026-06-30,4.1,155
23433063474,2026-06-30,4.1,155
23433063474,2026-06-30,4.1,156
23433063474,2026-06-30,4.1,156
23433063474,2026-06-30,4.1,158
23433063474,2026-06-30,4.1,159
23433063474,2026-06-30,4.1,158
23433063474,2026-06-30,4.1,157
23433063474,2026-06-30,4.1,157
23433063474,2026-06-30,4.1,157
23433063474,2026-06-30,4.1,158
23433063474,2026-06-30,4.1,159
23433063474,2026-06-30,4.1,159
23433063474,2026-06-30,4.1,160
23433063474,2026-06-30,4.1,158
23433063474,2026-06-30,4.1,158
23433063474,2026-06-30,4.1,159
23433063474,2026-06-30,4.1,159
23433063474,2026-06-30,4.1,158
23433063474,2026-06-30,4.1,156
23433063474,2026-06-30,4.1,155
23433063474,2026-06-30,4.1,153
23433063474,2026-06-30,4.1,151
23433063474,2026-06-30,4.1,152
23433063474,2026-06-30,4.1,152
23433063474,2026-06-30,4.1,149
23433063474,2026-06-30,4.2,148
23433063474,2026-06-30,4.2,147
23433063474,2026-06-30,4.2,146
23433063474,2026-06-30,4.2,145
23433063474,2026-06-30,4.2,146
23433063474,2026-06-30,4.2,146
23433063474,2026-06-30,4.2,146
23433063474,2026-06-30,4.2,146
23433063474,2026-06-30,4.2,147
23433063474,2026-06-30,4.2,146
23433063474,2026-06-30,4.2,147
23433063474,2026-06-30,4.2,149
23433063474,2026-06-30,4.2,149
23433063474,2026-06-30,4.2,150
23433063474,2026-06-30,4.2,149
23433063474,2026-06-30,4.2,150
23433063474,2026-06-30,4.2,151
23433063474,2026-06-30,4.2,150
23433063474,2026-06-30,4.2,150
23433063474,2026-06-30,4.2,151
23433063474,2026-06-30,4.2,152
23433063474,2026-06-30,4.2,151
23433063474,2026-06-30,4.2,151
23433063474,2026-06-30,4.2,151
23433063474,2026-06-30,4.2,150
23433063474,2026-06-30,4.2,149
23433063474,2026-06-30,4.2,150
23433063474,2026-06-30,4.2,149
23433063474,2026-06-30,4.2,149
23433063474,2026-06-30,4.2,149
23433063474,2026-06-30,4.2,148
23433063474,2026-06-30,4.2,148
23433063474,2026-06-30,4.2,148
23433063474,2026-06-30,4.2,146
23433063474,2026-06-30,4.3,148
23433063474,2026-06-30,4.3,148
23433063474,2026-06-30,4.3,148
23433063474,2026-06-30,4.3,149
23433063474,2026-06-30,4.3,149
23400878129,2026-06-27,0.0,88
23400878129,2026-06-27,0.0,92
23400878129,2026-06-27,0.0,98
23400878129,2026-06-27,0.0,101
23400878129,2026-06-27,0.0,103
23400878129,2026-06-27,0.0,105
23400878129,2026-06-27,0.0,107
23400878129,2026-06-27,0.0,109
23400878129,2026-06-27,0.0,111
23400878129,2026-06-27,0.0,115
23400878129,2026-06-27,0.0,116
23400878129,2026-06-27,0.0,119
23400878129,2026-06-27,0.0,121
23400878129,2026-06-27,0.0,122
23400878129,2026-06-27,0.1,123
23400878129,2026-06-27,0.1,124
23400878129,2026-06-27,0.1,124
23400878129,2026-06-27,0.1,125
23400878129,2026-06-27,0.1,126
23400878129,2026-06-27,0.1,126
23400878129,2026-06-27,0.1,126
23400878129,2026-06-27,0.1,127
23400878129,2026-06-27,0.1,127
23400878129,2026-06-27,0.1,128
23400878129,2026-06-27,0.1,128
23400878129,2026-06-27,0.1,128
23400878129,2026-06-27,0.1,128
23400878129,2026-06-27,0.1,128
23400878129,2026-06-27,0.1,127
23400878129,2026-06-27,0.1,128
23400878129,2026-06-27,0.1,128
23400878129,2026-06-27,0.1,129
23400878129,2026-06-27,0.1,129
23400878129,2026-06-27,0.1,130
23400878129,2026-06-27,0.1,129
23400878129,2026-06-27,0.1,129
23400878129,2026-06-27,0.1,130
23400878129,2026-06-27,0.1,129
23400878129,2026-06-27,0.1,128
23400878129,2026-06-27,0.1,127
23400878129,2026-06-27,0.1,127
23400878129,2026-06-27,0.1,127
23400878129,2026-06-27,0.1,127
23400878129,2026-06-27,0.1,128
23400878129,2026-06-27,0.1,129
23400878129,2026-06-27,0.1,130
23400878129,2026-06-27,0.1,130
23400878129,2026-06-27,0.1,131
23400878129,2026-06-27,0.1,131
23400878129,2026-06-27,0.2,131
23400878129,2026-06-27,0.2,130
23400878129,2026-06-27,0.2,130
23400878129,2026-06-27,0.2,130
23400878129,2026-06-27,0.2,130
23400878129,2026-06-27,0.2,130
23400878129,2026-06-27,0.2,130
23400878129,2026-06-27,0.2,129
23400878129,2026-06-27,0.2,128
23400878129,2026-06-27,0.2,128
23400878129,2026-06-27,0.2,128
23400878129,2026-06-27,0.2,128
23400878129,2026-06-27,0.2,128
23400878129,2026-06-27,0.2,129
23400878129,2026-06-27,0.2,129
23400878129,2026-06-27,0.2,129
23400878129,2026-06-27,0.2,129
23400878129,2026-06-27,0.2,129
23400878129,2026-06-27,0.2,129
23400878129,2026-06-27,0.2,130
23400878129,2026-06-27,0.2,131
23400878129,2026-06-27,0.2,131
23400878129,2026-06-27,0.2,131
23400878129,2026-06-27,0.2,132
23400878129,2026-06-27,0.2,133
23400878129,2026-06-27,0.2,133
23400878129,2026-06-27,0.2,133
23400878129,2026-06-27,0.2,132
23400878129,2026-06-27,0.2,131
23400878129,2026-06-27,0.2,131
23400878129,2026-06-27,0.2,131
23400878129,2026-06-27,0.2,131
23400878129,2026-06-27,0.2,131
23400878129,2026-06-27,0.3,131
23400878129,2026-06-27,0.3,130
23400878129,2026-06-27,0.3,131
23400878129,2026-06-27,0.3,131
23400878129,2026-06-27,0.3,132
23400878129,2026-06-27,0.3,132
23400878129,2026-06-27,0.3,133
23400878129,2026-06-27,0.3,133
23400878129,2026-06-27,0.3,134
23400878129,2026-06-27,0.3,135
23400878129,2026-06-27,0.3,135
23400878129,2026-06-27,0.3,135
23400878129,2026-06-27,0.3,136
23400878129,2026-06-27,0.3,136
23400878129,2026-06-27,0.3,137
23400878129,2026-06-27,0.3,137
23400878129,2026-06-27,0.3,137
23400878129,2026-06-27,0.3,137
23400878129,2026-06-27,0.3,137
23400878129,2026-06-27,0.3,136
23400878129,2026-06-27,0.3,136
23400878129,2026-06-27,0.3,136
23400878129,2026-06-27,0.3,136
23400878129,2026-06-27,0.3,136
23400878129,2026-06-27,0.3,135
23400878129,2026-06-27,0.3,134
23400878129,2026-06-27,0.3,135
23400878129,2026-06-27,0.3,135
23400878129,2026-06-27,0.3,134
23400878129,2026-06-27,0.3,134
23400878129,2026-06-27,0.3,134
23400878129,2026-06-27,0.3,134
23400878129,2026-06-27,0.3,135
23400878129,2026-06-27,0.4,133
23400878129,2026-06-27,0.4,133
23400878129,2026-06-27,0.4,134
23400878129,2026-06-27,0.4,134
23400878129,2026-06-27,0.4,134
23400878129,2026-06-27,0.4,134
23400878129,2026-06-27,0.4,133
23400878129,2026-06-27,0.4,132
23400878129,2026-06-27,0.4,132
23400878129,2026-06-27,0.4,133
23400878129,2026-06-27,0.4,134
23400878129,2026-06-27,0.4,135
23400878129,2026-06-27,0.4,136
23400878129,2026-06-27,0.4,137
23400878129,2026-06-27,0.4,137
23400878129,2026-06-27,0.4,137
23400878129,2026-06-27,0.4,138
23400878129,2026-06-27,0.4,138
23400878129,2026-06-27,0.4,138
23400878129,2026-06-27,0.4,140
23400878129,2026-06-27,0.4,141
23400878129,2026-06-27,0.4,142
23400878129,2026-06-27,0.4,143
23400878129,2026-06-27,0.4,143
23400878129,2026-06-27,0.4,143
23400878129,2026-06-27,0.4,142
23400878129,2026-06-27,0.4,142
23400878129,2026-06-27,0.4,142
23400878129,2026-06-27,0.4,141
23400878129,2026-06-27,0.4,141
23400878129,2026-06-27,0.4,140
23400878129,2026-06-27,0.4,141
23400878129,2026-06-27,0.4,141
23400878129,2026-06-27,0.5,142
23400878129,2026-06-27,0.5,142
23400878129,2026-06-27,0.5,142
23400878129,2026-06-27,0.5,141
23400878129,2026-06-27,0.5,140
23400878129,2026-06-27,0.5,139
23400878129,2026-06-27,0.5,139
23400878129,2026-06-27,0.5,140
23400878129,2026-06-27,0.5,141
23400878129,2026-06-27,0.5,141
23400878129,2026-06-27,0.5,141
23400878129,2026-06-27,0.5,142
23400878129,2026-06-27,0.5,142
23400878129,2026-06-27,0.5,141
23400878129,2026-06-27,0.5,142
23400878129,2026-06-27,0.5,142
23400878129,2026-06-27,0.5,143
23400878129,2026-06-27,0.5,144
23400878129,2026-06-27,0.5,144
23400878129,2026-06-27,0.5,143
23400878129,2026-06-27,0.5,143
23400878129,2026-06-27,0.5,143
23400878129,2026-06-27,0.5,143
23400878129,2026-06-27,0.5,142
23400878129,2026-06-27,0.5,143
23400878129,2026-06-27,0.5,143
23400878129,2026-06-27,0.5,142
23400878129,2026-06-27,0.5,142
23400878129,2026-06-27,0.5,141
23400878129,2026-06-27,0.5,140
23400878129,2026-06-27,0.5,139
23400878129,2026-06-27,0.5,140
23400878129,2026-06-27,0.5,141
23400878129,2026-06-27,0.5,142
23400878129,2026-06-27,0.6,141
23400878129,2026-06-27,0.6,142
23400878129,2026-06-27,0.6,142
23400878129,2026-06-27,0.6,143
23400878129,2026-06-27,0.6,143
23400878129,2026-06-27,0.6,144
23400878129,2026-06-27,0.6,145
23400878129,2026-06-27,0.6,146
23400878129,2026-06-27,0.6,147
23400878129,2026-06-27,0.6,148
23400878129,2026-06-27,0.6,148
23400878129,2026-06-27,0.6,148
23400878129,2026-06-27,0.6,148
23400878129,2026-06-27,0.6,147
23400878129,2026-06-27,0.6,148
23400878129,2026-06-27,0.6,148
23400878129,2026-06-27,0.6,147
23400878129,2026-06-27,0.6,147
23400878129,2026-06-27,0.6,146
23400878129,2026-06-27,0.6,143
23400878129,2026-06-27,0.6,142
23400878129,2026-06-27,0.6,142
23400878129,2026-06-27,0.6,142
23400878129,2026-06-27,0.6,142
23400878129,2026-06-27,0.6,143
23400878129,2026-06-27,0.6,143
23400878129,2026-06-27,0.6,144
23400878129,2026-06-27,0.6,144
23400878129,2026-06-27,0.6,144
23400878129,2026-06-27,0.6,144
23400878129,2026-06-27,0.6,144
23400878129,2026-06-27,0.6,144
23400878129,2026-06-27,0.6,144
23400878129,2026-06-27,0.6,145
23400878129,2026-06-27,0.7,144
23400878129,2026-06-27,0.7,144
23400878129,2026-06-27,0.7,144
23400878129,2026-06-27,0.7,144
23400878129,2026-06-27,0.7,144
23400878129,2026-06-27,0.7,144
23400878129,2026-06-27,0.7,142
23400878129,2026-06-27,0.7,141
23400878129,2026-06-27,0.7,140
23400878129,2026-06-27,0.7,142
23400878129,2026-06-27,0.7,142
23400878129,2026-06-27,0.7,142
23400878129,2026-06-27,0.7,141
23400878129,2026-06-27,0.7,142
23400878129,2026-06-27,0.7,141
23400878129,2026-06-27,0.7,140
23400878129,2026-06-27,0.7,140
23400878129,2026-06-27,0.7,141
23400878129,2026-06-27,0.7,142
23400878129,2026-06-27,0.7,143
23400878129,2026-06-27,0.7,143
23400878129,2026-06-27,0.7,143
23400878129,2026-06-27,0.7,143
23400878129,2026-06-27,0.7,143
23400878129,2026-06-27,0.7,143
23400878129,2026-06-27,0.7,144
23400878129,2026-06-27,0.7,145
23400878129,2026-06-27,0.7,145
23400878129,2026-06-27,0.7,145
23400878129,2026-06-27,0.7,145
23400878129,2026-06-27,0.7,146
23400878129,2026-06-27,0.7,147
23400878129,2026-06-27,0.7,148
23400878129,2026-06-27,0.8,148
23400878129,2026-06-27,0.8,148
23400878129,2026-06-27,0.8,149
23400878129,2026-06-27,0.8,150
23400878129,2026-06-27,0.8,151
23400878129,2026-06-27,0.8,150
23400878129,2026-06-27,0.8,150
23400878129,2026-06-27,0.8,150
23400878129,2026-06-27,0.8,149
23400878129,2026-06-27,0.8,149
23400878129,2026-06-27,0.8,149
23400878129,2026-06-27,0.8,149
23400878129,2026-06-27,0.8,148
23400878129,2026-06-27,0.8,148
23400878129,2026-06-27,0.8,147
23400878129,2026-06-27,0.8,146
23400878129,2026-06-27,0.8,144
23400878129,2026-06-27,0.8,142
23400878129,2026-06-27,0.8,141
23400878129,2026-06-27,0.8,142
23400878129,2026-06-27,0.8,142
23400878129,2026-06-27,0.8,142
23400878129,2026-06-27,0.8,141
23400878129,2026-06-27,0.8,140
23400878129,2026-06-27,0.8,141
23400878129,2026-06-27,0.8,141
23400878129,2026-06-27,0.8,141
23400878129,2026-06-27,0.8,143
23400878129,2026-06-27,0.8,143
23400878129,2026-06-27,0.8,143
23400878129,2026-06-27,0.8,143
23400878129,2026-06-27,0.8,144
23400878129,2026-06-27,0.8,145
23400878129,2026-06-27,0.8,146
23400878129,2026-06-27,0.8,146
23400878129,2026-06-27,0.9,146
23400878129,2026-06-27,0.9,145
23400878129,2026-06-27,0.9,144
23400878129,2026-06-27,0.9,145
23400878129,2026-06-27,0.9,145
23400878129,2026-06-27,0.9,145
23400878129,2026-06-27,0.9,146
23400878129,2026-06-27,0.9,147
23400878129,2026-06-27,0.9,146
23400878129,2026-06-27,0.9,146
23400878129,2026-06-27,0.9,145
23400878129,2026-06-27,0.9,144
23400878129,2026-06-27,0.9,143
23400878129,2026-06-27,0.9,143
23400878129,2026-06-27,0.9,143
23400878129,2026-06-27,0.9,143
23400878129,2026-06-27,0.9,143
23400878129,2026-06-27,0.9,144
23400878129,2026-06-27,0.9,144
23400878129,2026-06-27,0.9,144
23400878129,2026-06-27,0.9,144
23400878129,2026-06-27,0.9,143
23400878129,2026-06-27,0.9,143
23400878129,2026-06-27,0.9,142
23400878129,2026-06-27,0.9,141
23400878129,2026-06-27,0.9,142
23400878129,2026-06-27,0.9,142
23400878129,2026-06-27,0.9,143
23400878129,2026-06-27,0.9,143
23400878129,2026-06-27,0.9,144
23400878129,2026-06-27,0.9,145
23400878129,2026-06-27,0.9,145
23400878129,2026-06-27,0.9,145
23400878129,2026-06-27,1.0,146
23400878129,2026-06-27,1.0,147
23400878129,2026-06-27,1.0,148
23400878129,2026-06-27,1.0,149
23400878129,2026-06-27,1.0,149
23400878129,2026-06-27,1.0,150
23400878129,2026-06-27,1.0,150
23400878129,2026-06-27,1.0,149
23400878129,2026-06-27,1.0,147
23400878129,2026-06-27,1.0,148
23400878129,2026-06-27,1.0,148
23400878129,2026-06-27,1.0,149
23400878129,2026-06-27,1.0,148
23400878129,2026-06-27,1.0,148
23400878129,2026-06-27,1.0,147
23400878129,2026-06-27,1.0,146
23400878129,2026-06-27,1.0,147
23400878129,2026-06-27,1.0,147
23400878129,2026-06-27,1.0,146
23400878129,2026-06-27,1.0,146
23400878129,2026-06-27,1.0,147
23400878129,2026-06-27,1.0,148
23400878129,2026-06-27,1.0,148
23400878129,2026-06-27,1.0,148
23400878129,2026-06-27,1.0,148
23400878129,2026-06-27,1.0,148
23400878129,2026-06-27,1.0,148
23400878129,2026-06-27,1.0,149
23400878129,2026-06-27,1.0,150
23400878129,2026-06-27,1.0,151
23400878129,2026-06-27,1.0,150
23400878129,2026-06-27,1.0,151
23400878129,2026-06-27,1.0,149
23400878129,2026-06-27,1.1,150
23400878129,2026-06-27,1.1,149
23400878129,2026-06-27,1.1,150
23400878129,2026-06-27,1.1,149
23400878129,2026-06-27,1.1,148
23400878129,2026-06-27,1.1,148
23400878129,2026-06-27,1.1,148
23400878129,2026-06-27,1.1,149
23400878129,2026-06-27,1.1,149
23400878129,2026-06-27,1.1,148
23400878129,2026-06-27,1.1,148
23400878129,2026-06-27,1.1,148
23400878129,2026-06-27,1.1,149
23400878129,2026-06-27,1.1,148
23400878129,2026-06-27,1.1,147
23400878129,2026-06-27,1.1,148
23400878129,2026-06-27,1.1,149
23400878129,2026-06-27,1.1,149
23400878129,2026-06-27,1.1,149
23400878129,2026-06-27,1.1,149
23400878129,2026-06-27,1.1,150
23400878129,2026-06-27,1.1,151
23400878129,2026-06-27,1.1,152
23400878129,2026-06-27,1.1,153
23400878129,2026-06-27,1.1,152
23400878129,2026-06-27,1.1,151
23400878129,2026-06-27,1.1,151
23400878129,2026-06-27,1.1,152
23400878129,2026-06-27,1.1,151
23400878129,2026-06-27,1.1,152
23400878129,2026-06-27,1.1,152
23400878129,2026-06-27,1.1,153
23400878129,2026-06-27,1.1,151
23400878129,2026-06-27,1.1,151
23400878129,2026-06-27,1.2,150
23400878129,2026-06-27,1.2,151
23400878129,2026-06-27,1.2,151
23400878129,2026-06-27,1.2,151
23400878129,2026-06-27,1.2,150
23400878129,2026-06-27,1.2,149
23400878129,2026-06-27,1.2,148
23400878129,2026-06-27,1.2,149
23400878129,2026-06-27,1.2,148
23400878129,2026-06-27,1.2,149
23400878129,2026-06-27,1.2,151
23400878129,2026-06-27,1.2,151
23400878129,2026-06-27,1.2,153
23400878129,2026-06-27,1.2,153
23400878129,2026-06-27,1.2,153
23400878129,2026-06-27,1.2,152
23400878129,2026-06-27,1.2,153
23400878129,2026-06-27,1.2,152
23400878129,2026-06-27,1.2,154
23400878129,2026-06-27,1.2,154
23400878129,2026-06-27,1.2,156
23400878129,2026-06-27,1.2,156
23400878129,2026-06-27,1.2,156
23400878129,2026-06-27,1.2,156
23400878129,2026-06-27,1.2,155
23400878129,2026-06-27,1.2,154
23400878129,2026-06-27,1.2,155
23400878129,2026-06-27,1.2,155
23400878129,2026-06-27,1.2,155
23400878129,2026-06-27,1.2,154
23400878129,2026-06-27,1.2,155
23400878129,2026-06-27,1.2,154
23400878129,2026-06-27,1.2,155
23400878129,2026-06-27,1.3,154
23400878129,2026-06-27,1.3,152
23400878129,2026-06-27,1.3,151
23400878129,2026-06-27,1.3,151
23400878129,2026-06-27,1.3,152
23400878129,2026-06-27,1.3,151
23400878129,2026-06-27,1.3,152
23400878129,2026-06-27,1.3,152
23400878129,2026-06-27,1.3,154
23400878129,2026-06-27,1.3,154
23400878129,2026-06-27,1.3,153
23400878129,2026-06-27,1.3,154
23400878129,2026-06-27,1.3,153
23400878129,2026-06-27,1.3,154
23400878129,2026-06-27,1.3,155
23400878129,2026-06-27,1.3,155
23400878129,2026-06-27,1.3,157
23400878129,2026-06-27,1.3,155
23400878129,2026-06-27,1.3,155
23400878129,2026-06-27,1.3,155
23400878129,2026-06-27,1.3,154
23400878129,2026-06-27,1.3,154
23400878129,2026-06-27,1.3,156
23400878129,2026-06-27,1.3,155
23400878129,2026-06-27,1.3,157
23400878129,2026-06-27,1.3,156
23400878129,2026-06-27,1.3,155
23400878129,2026-06-27,1.3,156
23400878129,2026-06-27,1.3,156
23400878129,2026-06-27,1.3,156
23400878129,2026-06-27,1.3,157
23400878129,2026-06-27,1.3,156
23400878129,2026-06-27,1.3,156
23400878129,2026-06-27,1.4,155
23400878129,2026-06-27,1.4,155
23400878129,2026-06-27,1.4,155
23400878129,2026-06-27,1.4,155
23400878129,2026-06-27,1.4,155
23400878129,2026-06-27,1.4,155
23400878129,2026-06-27,1.4,155
23400878129,2026-06-27,1.4,155
23400878129,2026-06-27,1.4,157
23400878129,2026-06-27,1.4,156
23400878129,2026-06-27,1.4,157
23400878129,2026-06-27,1.4,157
23400878129,2026-06-27,1.4,156
23400878129,2026-06-27,1.4,156
23400878129,2026-06-27,1.4,155
23400878129,2026-06-27,1.4,157
23400878129,2026-06-27,1.4,156
23400878129,2026-06-27,1.4,155
23400878129,2026-06-27,1.4,157
23400878129,2026-06-27,1.4,155
23400878129,2026-06-27,1.4,155
23400878129,2026-06-27,1.4,156
23400878129,2026-06-27,1.4,156
23400878129,2026-06-27,1.4,157
23400878129,2026-06-27,1.4,156
23400878129,2026-06-27,1.4,155
23400878129,2026-06-27,1.4,156
23400878129,2026-06-27,1.4,155
23400878129,2026-06-27,1.4,154
23400878129,2026-06-27,1.4,155
23400878129,2026-06-27,1.4,155
23400878129,2026-06-27,1.4,155
23400878129,2026-06-27,1.4,156
23400878129,2026-06-27,1.4,156
23400878129,2026-06-27,1.5,156
23400878129,2026-06-27,1.5,158
23400878129,2026-06-27,1.5,159
23400878129,2026-06-27,1.5,160
23400878129,2026-06-27,1.5,160
23400878129,2026-06-27,1.5,160
23400878129,2026-06-27,1.5,160
23400878129,2026-06-27,1.5,161
23400878129,2026-06-27,1.5,160
23400878129,2026-06-27,1.5,159
23400878129,2026-06-27,1.5,159
23400878129,2026-06-27,1.5,159
23400878129,2026-06-27,1.5,160
23400878129,2026-06-27,1.5,159
23400878129,2026-06-27,1.5,159
23400878129,2026-06-27,1.5,159
23400878129,2026-06-27,1.5,158
23400878129,2026-06-27,1.5,159
23400878129,2026-06-27,1.5,160
23400878129,2026-06-27,1.5,159
23400878129,2026-06-27,1.5,156
23400878129,2026-06-27,1.5,154
23400878129,2026-06-27,1.5,154
23400878129,2026-06-27,1.5,154
23400878129,2026-06-27,1.5,153
23400878129,2026-06-27,1.5,150
23400878129,2026-06-27,1.5,149
23400878129,2026-06-27,1.5,149
23400878129,2026-06-27,1.5,148
23400878129,2026-06-27,1.5,151
23400878129,2026-06-27,1.5,153
23400878129,2026-06-27,1.5,154
23400878129,2026-06-27,1.5,153
23400878129,2026-06-27,1.6,154
23400878129,2026-06-27,1.6,154
23400878129,2026-06-27,1.6,155
23400878129,2026-06-27,1.6,155
23400878129,2026-06-27,1.6,155
23400878129,2026-06-27,1.6,155
23400878129,2026-06-27,1.6,154
23400878129,2026-06-27,1.6,155
23400878129,2026-06-27,1.6,156
23400878129,2026-06-27,1.6,157
23400878129,2026-06-27,1.6,158
23400878129,2026-06-27,1.6,157
23400878129,2026-06-27,1.6,156
23400878129,2026-06-27,1.6,157
23400878129,2026-06-27,1.6,157
23400878129,2026-06-27,1.6,157
23400878129,2026-06-27,1.6,157
23400878129,2026-06-27,1.6,156
23400878129,2026-06-27,1.6,157
23400878129,2026-06-27,1.6,157
23400878129,2026-06-27,1.6,157
23400878129,2026-06-27,1.6,157
23400878129,2026-06-27,1.6,156
23400878129,2026-06-27,1.6,155
23400878129,2026-06-27,1.6,155
23400878129,2026-06-27,1.6,157
23400878129,2026-06-27,1.6,158
23400878129,2026-06-27,1.6,158
23400878129,2026-06-27,1.6,158
23400878129,2026-06-27,1.6,156
23400878129,2026-06-27,1.6,155
23400878129,2026-06-27,1.6,156
23400878129,2026-06-27,1.6,156
23400878129,2026-06-27,1.6,156
23400878129,2026-06-27,1.7,157
23400878129,2026-06-27,1.7,157
23400878129,2026-06-27,1.7,157
23400878129,2026-06-27,1.7,158
23400878129,2026-06-27,1.7,159
23400878129,2026-06-27,1.7,158
23400878129,2026-06-27,1.7,157
23400878129,2026-06-27,1.7,159
23400878129,2026-06-27,1.7,159
23400878129,2026-06-27,1.7,158
23400878129,2026-06-27,1.7,159
23400878129,2026-06-27,1.7,158
23400878129,2026-06-27,1.7,158
23400878129,2026-06-27,1.7,158
23400878129,2026-06-27,1.7,159
23400878129,2026-06-27,1.7,159
23400878129,2026-06-27,1.7,157
23400878129,2026-06-27,1.7,157
23400878129,2026-06-27,1.7,159
23400878129,2026-06-27,1.7,159
23400878129,2026-06-27,1.7,159
23400878129,2026-06-27,1.7,159
23400878129,2026-06-27,1.7,162
23400878129,2026-06-27,1.7,163
23400878129,2026-06-27,1.7,162
23400878129,2026-06-27,1.7,162
23400878129,2026-06-27,1.7,161
23400878129,2026-06-27,1.7,161
23400878129,2026-06-27,1.7,160
23400878129,2026-06-27,1.7,161
23400878129,2026-06-27,1.7,160
23400878129,2026-06-27,1.7,159
23400878129,2026-06-27,1.7,159
23400878129,2026-06-27,1.7,160
23400878129,2026-06-27,1.8,160
23400878129,2026-06-27,1.8,160
23400878129,2026-06-27,1.8,160
23400878129,2026-06-27,1.8,161
23400878129,2026-06-27,1.8,162
23400878129,2026-06-27,1.8,163
23400878129,2026-06-27,1.8,164
23400878129,2026-06-27,1.8,164
23400878129,2026-06-27,1.8,164
23400878129,2026-06-27,1.8,164
23400878129,2026-06-27,1.8,165
23400878129,2026-06-27,1.8,165
23400878129,2026-06-27,1.8,165
23400878129,2026-06-27,1.8,165
23400878129,2026-06-27,1.8,164
23400878129,2026-06-27,1.8,165
23400878129,2026-06-27,1.8,165
23400878129,2026-06-27,1.8,165
23400878129,2026-06-27,1.8,165
23400878129,2026-06-27,1.8,165
23400878129,2026-06-27,1.8,166
23400878129,2026-06-27,1.8,167
23400878129,2026-06-27,1.8,166
23400878129,2026-06-27,1.8,165
23400878129,2026-06-27,1.8,163
23400878129,2026-06-27,1.8,163
23400878129,2026-06-27,1.8,162
23400878129,2026-06-27,1.8,162
23400878129,2026-06-27,1.8,162
23400878129,2026-06-27,1.8,163
23400878129,2026-06-27,1.8,164
23400878129,2026-06-27,1.8,163
23400878129,2026-06-27,1.8,162
23400878129,2026-06-27,1.9,161
23400878129,2026-06-27,1.9,160
23400878129,2026-06-27,1.9,160
23400878129,2026-06-27,1.9,160
23400878129,2026-06-27,1.9,159
23400878129,2026-06-27,1.9,161
23400878129,2026-06-27,1.9,161
23400878129,2026-06-27,1.9,163
23400878129,2026-06-27,1.9,163
23400878129,2026-06-27,1.9,163
23400878129,2026-06-27,1.9,164
23400878129,2026-06-27,1.9,165
23400878129,2026-06-27,1.9,164
23400878129,2026-06-27,1.9,162
23400878129,2026-06-27,1.9,162
23400878129,2026-06-27,1.9,162
23400878129,2026-06-27,1.9,161
23400878129,2026-06-27,1.9,160
23400878129,2026-06-27,1.9,160
23400878129,2026-06-27,1.9,159
23400878129,2026-06-27,1.9,159
23400878129,2026-06-27,1.9,157
23400878129,2026-06-27,1.9,157
23400878129,2026-06-27,1.9,156
23400878129,2026-06-27,1.9,156
23400878129,2026-06-27,1.9,157
23400878129,2026-06-27,1.9,159
23400878129,2026-06-27,1.9,158
23400878129,2026-06-27,1.9,158
23400878129,2026-06-27,1.9,159
23400878129,2026-06-27,1.9,159
23400878129,2026-06-27,1.9,160
23400878129,2026-06-27,1.9,160
23400878129,2026-06-27,1.9,160
23400878129,2026-06-27,2.0,159
23400878129,2026-06-27,2.0,160
23400878129,2026-06-27,2.0,162
23400878129,2026-06-27,2.0,163
23400878129,2026-06-27,2.0,164
23400878129,2026-06-27,2.0,163
23400878129,2026-06-27,2.0,163
23400878129,2026-06-27,2.0,162
23400878129,2026-06-27,2.0,162
23400878129,2026-06-27,2.0,162
23400878129,2026-06-27,2.0,163
23400878129,2026-06-27,2.0,164
23400878129,2026-06-27,2.0,164
23400878129,2026-06-27,2.0,164
23400878129,2026-06-27,2.0,165
23400878129,2026-06-27,2.0,166
23400878129,2026-06-27,2.0,167
23400878129,2026-06-27,2.0,165
23400878129,2026-06-27,2.0,164
23400878129,2026-06-27,2.0,164
23400878129,2026-06-27,2.0,165
23400878129,2026-06-27,2.0,166
23400878129,2026-06-27,2.0,165
23400878129,2026-06-27,2.0,164
23400878129,2026-06-27,2.0,165
23400878129,2026-06-27,2.0,164
23400878129,2026-06-27,2.0,165
23400878129,2026-06-27,2.0,164
23400878129,2026-06-27,2.0,161
23400878129,2026-06-27,2.0,160
23400878129,2026-06-27,2.0,161
23400878129,2026-06-27,2.0,161
23400878129,2026-06-27,2.0,161
23400878129,2026-06-27,2.1,161
23400878129,2026-06-27,2.1,161
23400878129,2026-06-27,2.1,160
23400878129,2026-06-27,2.1,159
23400878129,2026-06-27,2.1,161
23400878129,2026-06-27,2.1,163
23400878129,2026-06-27,2.1,164
23400878129,2026-06-27,2.1,164
23400878129,2026-06-27,2.1,164
23400878129,2026-06-27,2.1,164
23400878129,2026-06-27,2.1,164
23400878129,2026-06-27,2.1,164
23400878129,2026-06-27,2.1,164
23400878129,2026-06-27,2.1,165
23400878129,2026-06-27,2.1,164
23400878129,2026-06-27,2.1,164
23400878129,2026-06-27,2.1,165
23400878129,2026-06-27,2.1,165
23400878129,2026-06-27,2.1,163
23400878129,2026-06-27,2.1,162
23400878129,2026-06-27,2.1,163
23400878129,2026-06-27,2.1,163
23400878129,2026-06-27,2.1,164
23400878129,2026-06-27,2.1,166
23400878129,2026-06-27,2.1,167
23400878129,2026-06-27,2.1,167
23400878129,2026-06-27,2.1,165
23400878129,2026-06-27,2.1,165
23400878129,2026-06-27,2.1,166
23400878129,2026-06-27,2.1,167
23400878129,2026-06-27,2.1,167
23400878129,2026-06-27,2.1,166
23400878129,2026-06-27,2.1,166
23400878129,2026-06-27,2.2,165
23400878129,2026-06-27,2.2,165
23400878129,2026-06-27,2.2,165
23400878129,2026-06-27,2.2,165
23400878129,2026-06-27,2.2,167
23400878129,2026-06-27,2.2,168
23400878129,2026-06-27,2.2,168
23400878129,2026-06-27,2.2,169
23400878129,2026-06-27,2.2,170
23400878129,2026-06-27,2.2,170
23400878129,2026-06-27,2.2,170
23400878129,2026-06-27,2.2,171
23400878129,2026-06-27,2.2,170
23400878129,2026-06-27,2.2,169
23400878129,2026-06-27,2.2,170
23400878129,2026-06-27,2.2,170
23400878129,2026-06-27,2.2,169
23400878129,2026-06-27,2.2,169
23400878129,2026-06-27,2.2,169
23400878129,2026-06-27,2.2,168
23400878129,2026-06-27,2.2,168
23400878129,2026-06-27,2.2,167
23400878129,2026-06-27,2.2,166
23400878129,2026-06-27,2.2,166
23400878129,2026-06-27,2.2,164
23400878129,2026-06-27,2.2,163
23400878129,2026-06-27,2.2,163
23400878129,2026-06-27,2.2,164
23400878129,2026-06-27,2.2,166
23400878129,2026-06-27,2.2,166
23400878129,2026-06-27,2.2,164
23400878129,2026-06-27,2.2,163
23400878129,2026-06-27,2.2,164
23400878129,2026-06-27,2.2,165
23400878129,2026-06-27,2.2,163
23400878129,2026-06-27,2.3,163
23400878129,2026-06-27,2.3,163
23400878129,2026-06-27,2.3,164
23400878129,2026-06-27,2.3,165
23400878129,2026-06-27,2.3,166
23400878129,2026-06-27,2.3,166
23400878129,2026-06-27,2.3,164
23400878129,2026-06-27,2.3,163
23400878129,2026-06-27,2.3,163
23400878129,2026-06-27,2.3,164
23400878129,2026-06-27,2.3,164
23400878129,2026-06-27,2.3,164
23400878129,2026-06-27,2.3,164
23400878129,2026-06-27,2.3,164
23400878129,2026-06-27,2.3,164
23400878129,2026-06-27,2.3,165
23400878129,2026-06-27,2.3,165
23400878129,2026-06-27,2.3,167
23400878129,2026-06-27,2.3,167
23400878129,2026-06-27,2.3,165
23400878129,2026-06-27,2.3,165
23400878129,2026-06-27,2.3,167
23400878129,2026-06-27,2.3,168
23400878129,2026-06-27,2.3,170
23400878129,2026-06-27,2.3,170
23400878129,2026-06-27,2.3,169
23400878129,2026-06-27,2.3,169
23400878129,2026-06-27,2.3,170
23400878129,2026-06-27,2.3,169
23400878129,2026-06-27,2.3,169
23400878129,2026-06-27,2.3,170
23400878129,2026-06-27,2.3,169
23400878129,2026-06-27,2.3,169
23400878129,2026-06-27,2.4,169
23400878129,2026-06-27,2.4,170
23400878129,2026-06-27,2.4,171
23400878129,2026-06-27,2.4,169
23400878129,2026-06-27,2.4,169
23400878129,2026-06-27,2.4,170
23400878129,2026-06-27,2.4,170
23400878129,2026-06-27,2.4,170
23400878129,2026-06-27,2.4,172
23400878129,2026-06-27,2.4,171
23400878129,2026-06-27,2.4,171
23400878129,2026-06-27,2.4,172
23400878129,2026-06-27,2.4,171
23400878129,2026-06-27,2.4,171
23400878129,2026-06-27,2.4,172
23400878129,2026-06-27,2.4,172
23400878129,2026-06-27,2.4,172
23400878129,2026-06-27,2.4,172
23400878129,2026-06-27,2.4,171
23400878129,2026-06-27,2.4,171
23400878129,2026-06-27,2.4,171
23400878129,2026-06-27,2.4,172
23400878129,2026-06-27,2.4,172
23400878129,2026-06-27,2.4,172
23400878129,2026-06-27,2.4,172
23400878129,2026-06-27,2.4,171
23400878129,2026-06-27,2.4,170
23400878129,2026-06-27,2.4,171
23400878129,2026-06-27,2.4,170
23400878129,2026-06-27,2.4,169
23400878129,2026-06-27,2.4,169
23400878129,2026-06-27,2.4,170
23400878129,2026-06-27,2.4,171
23400878129,2026-06-27,2.5,170
23400878129,2026-06-27,2.5,169
23400878129,2026-06-27,2.5,170
23400878129,2026-06-27,2.5,169
23400878129,2026-06-27,2.5,168
23400878129,2026-06-27,2.5,168
23400878129,2026-06-27,2.5,169
23400878129,2026-06-27,2.5,169
23400878129,2026-06-27,2.5,169
23400878129,2026-06-27,2.5,171
23400878129,2026-06-27,2.5,170
23400878129,2026-06-27,2.5,169
23400878129,2026-06-27,2.5,169
23400878129,2026-06-27,2.5,170
23400878129,2026-06-27,2.5,169
23400878129,2026-06-27,2.5,169
23400878129,2026-06-27,2.5,170
23400878129,2026-06-27,2.5,170
23400878129,2026-06-27,2.5,170
23400878129,2026-06-27,2.5,169
23400878129,2026-06-27,2.5,169
23400878129,2026-06-27,2.5,169
23400878129,2026-06-27,2.5,170
23400878129,2026-06-27,2.5,169
23400878129,2026-06-27,2.5,169
23400878129,2026-06-27,2.5,170
23400878129,2026-06-27,2.5,171
23400878129,2026-06-27,2.5,169
23400878129,2026-06-27,2.5,169
23400878129,2026-06-27,2.5,170
23400878129,2026-06-27,2.5,169
23400878129,2026-06-27,2.5,169
23400878129,2026-06-27,2.5,168
23400878129,2026-06-27,2.5,170
23400878129,2026-06-27,2.6,169
23400878129,2026-06-27,2.6,168
23400878129,2026-06-27,2.6,168
23400878129,2026-06-27,2.6,169
23400878129,2026-06-27,2.6,169
23400878129,2026-06-27,2.6,168
23400878129,2026-06-27,2.6,167
23400878129,2026-06-27,2.6,169
23400878129,2026-06-27,2.6,169
23400878129,2026-06-27,2.6,167
23400878129,2026-06-27,2.6,167
23400878129,2026-06-27,2.6,167
23400878129,2026-06-27,2.6,168
23400878129,2026-06-27,2.6,168
23400878129,2026-06-27,2.6,167
23400878129,2026-06-27,2.6,166
23400878129,2026-06-27,2.6,167
23400878129,2026-06-27,2.6,168
23400878129,2026-06-27,2.6,169
23400878129,2026-06-27,2.6,170
23400878129,2026-06-27,2.6,168
23400878129,2026-06-27,2.6,168
23400878129,2026-06-27,2.6,167
23400878129,2026-06-27,2.6,165
23400878129,2026-06-27,2.6,164
23400878129,2026-06-27,2.6,164
23400878129,2026-06-27,2.6,164
23400878129,2026-06-27,2.6,164
23400878129,2026-06-27,2.6,164
23400878129,2026-06-27,2.6,163
23400878129,2026-06-27,2.6,162
23400878129,2026-06-27,2.6,162
23400878129,2026-06-27,2.6,162
23400878129,2026-06-27,2.7,163
23400878129,2026-06-27,2.7,165
23400878129,2026-06-27,2.7,167
23400878129,2026-06-27,2.7,166
23400878129,2026-06-27,2.7,166
23400878129,2026-06-27,2.7,166
23400878129,2026-06-27,2.7,167
23400878129,2026-06-27,2.7,167
23400878129,2026-06-27,2.7,168
23400878129,2026-06-27,2.7,168
23400878129,2026-06-27,2.7,170
23400878129,2026-06-27,2.7,171
23400878129,2026-06-27,2.7,172
23400878129,2026-06-27,2.7,171
23400878129,2026-06-27,2.7,171
23400878129,2026-06-27,2.7,171
23400878129,2026-06-27,2.7,172
23400878129,2026-06-27,2.7,172
23400878129,2026-06-27,2.7,171
23400878129,2026-06-27,2.7,171
23400878129,2026-06-27,2.7,172
23400878129,2026-06-27,2.7,171
23400878129,2026-06-27,2.7,170
23400878129,2026-06-27,2.7,170
23400878129,2026-06-27,2.7,169
23400878129,2026-06-27,2.7,168
23400878129,2026-06-27,2.7,167
23400878129,2026-06-27,2.7,167
23400878129,2026-06-27,2.7,168
23400878129,2026-06-27,2.7,168
23400878129,2026-06-27,2.7,169
23400878129,2026-06-27,2.7,168
23400878129,2026-06-27,2.7,167
23400878129,2026-06-27,2.8,166
23400878129,2026-06-27,2.8,167
23400878129,2026-06-27,2.8,166
23400878129,2026-06-27,2.8,167
23400878129,2026-06-27,2.8,167
23400878129,2026-06-27,2.8,167
23400878129,2026-06-27,2.8,169
23400878129,2026-06-27,2.8,170
23400878129,2026-06-27,2.8,169
23400878129,2026-06-27,2.8,169
23400878129,2026-06-27,2.8,169
23400878129,2026-06-27,2.8,170
23400878129,2026-06-27,2.8,171
23400878129,2026-06-27,2.8,170
23400878129,2026-06-27,2.8,169
23400878129,2026-06-27,2.8,169
23400878129,2026-06-27,2.8,170
23400878129,2026-06-27,2.8,171
23400878129,2026-06-27,2.8,170
23400878129,2026-06-27,2.8,170
23400878129,2026-06-27,2.8,171
23400878129,2026-06-27,2.8,171
23400878129,2026-06-27,2.8,172
23400878129,2026-06-27,2.8,172
23400878129,2026-06-27,2.8,171
23400878129,2026-06-27,2.8,171
23400878129,2026-06-27,2.8,170
23400878129,2026-06-27,2.8,170
23400878129,2026-06-27,2.8,171
23400878129,2026-06-27,2.8,171
23400878129,2026-06-27,2.8,170
23400878129,2026-06-27,2.8,171
23400878129,2026-06-27,2.8,171
23400878129,2026-06-27,2.9,170
23400878129,2026-06-27,2.9,171
23400878129,2026-06-27,2.9,170
23400878129,2026-06-27,2.9,169
23400878129,2026-06-27,2.9,170
23400878129,2026-06-27,2.9,169
23400878129,2026-06-27,2.9,168
23400878129,2026-06-27,2.9,169
23400878129,2026-06-27,2.9,168
23400878129,2026-06-27,2.9,168
23400878129,2026-06-27,2.9,168
23400878129,2026-06-27,2.9,169
23400878129,2026-06-27,2.9,169
23400878129,2026-06-27,2.9,168
23400878129,2026-06-27,2.9,168
23400878129,2026-06-27,2.9,168
23400878129,2026-06-27,2.9,169
23400878129,2026-06-27,2.9,170
23400878129,2026-06-27,2.9,170
23400878129,2026-06-27,2.9,169
23400878129,2026-06-27,2.9,170
23400878129,2026-06-27,2.9,170
23400878129,2026-06-27,2.9,169
23400878129,2026-06-27,2.9,169
23400878129,2026-06-27,2.9,167
23400878129,2026-06-27,2.9,166
23400878129,2026-06-27,2.9,165
23400878129,2026-06-27,2.9,165
23400878129,2026-06-27,2.9,166
23400878129,2026-06-27,2.9,167
23400878129,2026-06-27,2.9,168
23400878129,2026-06-27,2.9,167
23400878129,2026-06-27,2.9,167
23400878129,2026-06-27,2.9,166
23400878129,2026-06-27,3.0,166
23400878129,2026-06-27,3.0,165
23400878129,2026-06-27,3.0,166
23400878129,2026-06-27,3.0,168
23400878129,2026-06-27,3.0,169
23400878129,2026-06-27,3.0,169
23400878129,2026-06-27,3.0,169
23400878129,2026-06-27,3.0,169
23400878129,2026-06-27,3.0,170
23400878129,2026-06-27,3.0,169
23400878129,2026-06-27,3.0,169
23400878129,2026-06-27,3.0,169
23400878129,2026-06-27,3.0,168
23400878129,2026-06-27,3.0,167
23400878129,2026-06-27,3.0,167
23400878129,2026-06-27,3.0,167
23400878129,2026-06-27,3.0,165
23400878129,2026-06-27,3.0,165
23400878129,2026-06-27,3.0,165
23400878129,2026-06-27,3.0,167
23400878129,2026-06-27,3.0,166
23400878129,2026-06-27,3.0,165
23400878129,2026-06-27,3.0,164
23400878129,2026-06-27,3.0,165
23400878129,2026-06-27,3.0,166
23400878129,2026-06-27,3.0,167
23400878129,2026-06-27,3.0,166
23400878129,2026-06-27,3.0,167
23400878129,2026-06-27,3.0,167
23400878129,2026-06-27,3.0,167
23400878129,2026-06-27,3.0,167
23400878129,2026-06-27,3.0,166
23400878129,2026-06-27,3.0,165
23400878129,2026-06-27,3.1,163
23400878129,2026-06-27,3.1,163
23400878129,2026-06-27,3.1,163
23400878129,2026-06-27,3.1,163
23400878129,2026-06-27,3.1,162
23400878129,2026-06-27,3.1,162
23400878129,2026-06-27,3.1,160
23400878129,2026-06-27,3.1,158
23400878129,2026-06-27,3.1,155
23400878129,2026-06-27,3.1,155
23400878129,2026-06-27,3.1,156
23400878129,2026-06-27,3.1,156
23400878129,2026-06-27,3.1,155
23400878129,2026-06-27,3.1,156
23400878129,2026-06-27,3.1,156
23400878129,2026-06-27,3.1,156
23400878129,2026-06-27,3.1,156
23400878129,2026-06-27,3.1,155
23400878129,2026-06-27,3.1,156
23400878129,2026-06-27,3.1,156
23400878129,2026-06-27,3.1,156
23400878129,2026-06-27,3.1,156
23400878129,2026-06-27,3.1,158
23400878129,2026-06-27,3.1,159
23400878129,2026-06-27,3.1,160
23400878129,2026-06-27,3.1,162
23400878129,2026-06-27,3.1,163
23400878129,2026-06-27,3.1,164
23400878129,2026-06-27,3.1,165
23400878129,2026-06-27,3.1,165
23400878129,2026-06-27,3.1,166
23400878129,2026-06-27,3.1,167
23400878129,2026-06-27,3.1,168
23400878129,2026-06-27,3.1,170
23400878129,2026-06-27,3.2,168
23400878129,2026-06-27,3.2,168
23400878129,2026-06-27,3.2,168
23400878129,2026-06-27,3.2,168
23400878129,2026-06-27,3.2,169
23400878129,2026-06-27,3.2,168
23400878129,2026-06-27,3.2,167
23400878129,2026-06-27,3.2,166
23400878129,2026-06-27,3.2,166
23400878129,2026-06-27,3.2,167
23400878129,2026-06-27,3.2,165
23400878129,2026-06-27,3.2,164
23400878129,2026-06-27,3.2,164
23400878129,2026-06-27,3.2,164
23400878129,2026-06-27,3.2,165
23400878129,2026-06-27,3.2,164
23400878129,2026-06-27,3.2,163
23400878129,2026-06-27,3.2,162
23400878129,2026-06-27,3.2,161
23400878129,2026-06-27,3.2,162
23400878129,2026-06-27,3.2,164
23400878129,2026-06-27,3.2,165
23400878129,2026-06-27,3.2,166
23400878129,2026-06-27,3.2,167
23400878129,2026-06-27,3.2,167
23400878129,2026-06-27,3.2,168
23400878129,2026-06-27,3.2,169
23400878129,2026-06-27,3.2,171
23400878129,2026-06-27,3.2,171
23400878129,2026-06-27,3.2,171
23400878129,2026-06-27,3.2,171
23400878129,2026-06-27,3.2,171
23400878129,2026-06-27,3.2,171
23400878129,2026-06-27,3.3,170
23400878129,2026-06-27,3.3,170
23400878129,2026-06-27,3.3,169
23400878129,2026-06-27,3.3,168
23400878129,2026-06-27,3.3,166
23400878129,2026-06-27,3.3,165
23400878129,2026-06-27,3.3,165
23400878129,2026-06-27,3.3,165
23400878129,2026-06-27,3.3,164
23400878129,2026-06-27,3.3,164
23400878129,2026-06-27,3.3,166
23400878129,2026-06-27,3.3,167
23400878129,2026-06-27,3.3,168
23400878129,2026-06-27,3.3,169
23400878129,2026-06-27,3.3,169
23400878129,2026-06-27,3.3,169
23400878129,2026-06-27,3.3,170
23400878129,2026-06-27,3.3,171
23400878129,2026-06-27,3.3,170
23400878129,2026-06-27,3.3,169
23400878129,2026-06-27,3.3,169
23400878129,2026-06-27,3.3,170
23400878129,2026-06-27,3.3,169
23400878129,2026-06-27,3.3,168
23400878129,2026-06-27,3.3,168
23400878129,2026-06-27,3.3,168
23400878129,2026-06-27,3.3,168
23400878129,2026-06-27,3.3,168
23400878129,2026-06-27,3.3,168
23400878129,2026-06-27,3.3,169
23400878129,2026-06-27,3.3,169
23400878129,2026-06-27,3.3,169
23400878129,2026-06-27,3.3,169
23400878129,2026-06-27,3.3,170
23400878129,2026-06-27,3.4,171
23400878129,2026-06-27,3.4,172
23400878129,2026-06-27,3.4,174
23400878129,2026-06-27,3.4,174
23400878129,2026-06-27,3.4,175
23400878129,2026-06-27,3.4,175
23400878129,2026-06-27,3.4,175
23400878129,2026-06-27,3.4,175
23400878129,2026-06-27,3.4,176
23400878129,2026-06-27,3.4,175
23400878129,2026-06-27,3.4,175
23400878129,2026-06-27,3.4,175
23400878129,2026-06-27,3.4,175
23400878129,2026-06-27,3.4,175
23400878129,2026-06-27,3.4,174
23400878129,2026-06-27,3.4,174
23400878129,2026-06-27,3.4,173
23400878129,2026-06-27,3.4,172
23400878129,2026-06-27,3.4,171
23400878129,2026-06-27,3.4,171
23400878129,2026-06-27,3.4,170
23400878129,2026-06-27,3.4,169
23400878129,2026-06-27,3.4,168
23400878129,2026-06-27,3.4,166
23400878129,2026-06-27,3.4,163
23400878129,2026-06-27,3.4,162
23400878129,2026-06-27,3.4,161
23400878129,2026-06-27,3.4,159
23400878129,2026-06-27,3.4,159
23400878129,2026-06-27,3.4,160
23400878129,2026-06-27,3.4,160
23400878129,2026-06-27,3.4,161
23400878129,2026-06-27,3.4,163
23400878129,2026-06-27,3.4,164
23400878129,2026-06-27,3.4,165
23400878129,2026-06-27,3.5,167
23400878129,2026-06-27,3.5,166
23400878129,2026-06-27,3.5,168
23400878129,2026-06-27,3.5,169
23400878129,2026-06-27,3.5,171
23400878129,2026-06-27,3.5,172
23400878129,2026-06-27,3.5,173
23400878129,2026-06-27,3.5,175
23400878129,2026-06-27,3.5,174
23400878129,2026-06-27,3.5,174
23400878129,2026-06-27,3.5,175
23400878129,2026-06-27,3.5,176
23400878129,2026-06-27,3.5,177
23400878129,2026-06-27,3.5,177
23400878129,2026-06-27,3.5,177
23400878129,2026-06-27,3.5,176
23400878129,2026-06-27,3.5,176
23400878129,2026-06-27,3.5,178
23400878129,2026-06-27,3.5,178
23400878129,2026-06-27,3.5,179
23400878129,2026-06-27,3.5,179
23400878129,2026-06-27,3.5,180
23400878129,2026-06-27,3.5,180
23400878129,2026-06-27,3.5,181
23400878129,2026-06-27,3.5,181
23400878129,2026-06-27,3.5,180
23400878129,2026-06-27,3.5,181
23400878129,2026-06-27,3.5,180
23400878129,2026-06-27,3.5,181
23400878129,2026-06-27,3.5,181
23400878129,2026-06-27,3.5,181
23400878129,2026-06-27,3.5,182
23400878129,2026-06-27,3.5,182
23400878129,2026-06-27,3.5,182
23400878129,2026-06-27,3.6,182
23400878129,2026-06-27,3.6,182
23400878129,2026-06-27,3.6,181
23400878129,2026-06-27,3.6,182
23400878129,2026-06-27,3.6,182
23400878129,2026-06-27,3.6,181
23400878129,2026-06-27,3.6,182
23400878129,2026-06-27,3.6,182
23400878129,2026-06-27,3.6,181
23400878129,2026-06-27,3.6,181
23400878129,2026-06-27,3.6,181
23400878129,2026-06-27,3.6,181
23400878129,2026-06-27,3.6,181
23400878129,2026-06-27,3.6,180
23400878129,2026-06-27,3.6,180
23400878129,2026-06-27,3.6,180
23400878129,2026-06-27,3.6,179
23400878129,2026-06-27,3.6,179
23400878129,2026-06-27,3.6,179
23400878129,2026-06-27,3.6,179
23400878129,2026-06-27,3.6,179
23400878129,2026-06-27,3.6,176
23400878129,2026-06-27,3.6,176
23400878129,2026-06-27,3.6,176
23400878129,2026-06-27,3.6,176
23400878129,2026-06-27,3.6,176
23400878129,2026-06-27,3.6,176
23400878129,2026-06-27,3.6,175
23400878129,2026-06-27,3.6,175
23400878129,2026-06-27,3.6,175
23400878129,2026-06-27,3.6,174
23400878129,2026-06-27,3.6,174
23400878129,2026-06-27,3.6,174
23400878129,2026-06-27,3.7,174
23400878129,2026-06-27,3.7,175
23400878129,2026-06-27,3.7,175
23400878129,2026-06-27,3.7,176
23400878129,2026-06-27,3.7,175
23400878129,2026-06-27,3.7,176
23400878129,2026-06-27,3.7,175
23400878129,2026-06-27,3.7,176
23400878129,2026-06-27,3.7,176
23400878129,2026-06-27,3.7,177
23400878129,2026-06-27,3.7,176
23400878129,2026-06-27,3.7,176
23400878129,2026-06-27,3.7,175
23400878129,2026-06-27,3.7,175
23400878129,2026-06-27,3.7,175
23400878129,2026-06-27,3.7,176
23400878129,2026-06-27,3.7,175
23400878129,2026-06-27,3.7,175
23400878129,2026-06-27,3.7,175
23400878129,2026-06-27,3.7,176
23400878129,2026-06-27,3.7,177
23400878129,2026-06-27,3.7,177
23400878129,2026-06-27,3.7,178
23400878129,2026-06-27,3.7,178
23400878129,2026-06-27,3.7,177
23400878129,2026-06-27,3.7,177
23400878129,2026-06-27,3.7,177
23400878129,2026-06-27,3.7,177
23400878129,2026-06-27,3.7,177
23400878129,2026-06-27,3.7,177
23400878129,2026-06-27,3.7,177
23400878129,2026-06-27,3.7,177
23400878129,2026-06-27,3.7,177
23400878129,2026-06-27,3.8,177
23400878129,2026-06-27,3.8,176
23400878129,2026-06-27,3.8,177
23400878129,2026-06-27,3.8,176
23400878129,2026-06-27,3.8,176
23400878129,2026-06-27,3.8,175
23400878129,2026-06-27,3.8,176
23400878129,2026-06-27,3.8,176
23400878129,2026-06-27,3.8,175
23400878129,2026-06-27,3.8,176
23400878129,2026-06-27,3.8,176
23400878129,2026-06-27,3.8,176
23400878129,2026-06-27,3.8,177
23400878129,2026-06-27,3.8,176
23400878129,2026-06-27,3.8,177
23400878129,2026-06-27,3.8,178
23400878129,2026-06-27,3.8,178
23400878129,2026-06-27,3.8,178
23400878129,2026-06-27,3.8,180
23400878129,2026-06-27,3.8,180
23400878129,2026-06-27,3.8,181
23400878129,2026-06-27,3.8,181
23400878129,2026-06-27,3.8,181
23400878129,2026-06-27,3.8,181
23400878129,2026-06-27,3.8,181
23400878129,2026-06-27,3.8,182
23400878129,2026-06-27,3.8,181
23400878129,2026-06-27,3.8,182
23400878129,2026-06-27,3.8,180
23400878129,2026-06-27,3.8,181
23400878129,2026-06-27,3.8,180
23400878129,2026-06-27,3.8,180
23400878129,2026-06-27,3.8,180
23400878129,2026-06-27,3.8,181
23400878129,2026-06-27,3.9,181
23400878129,2026-06-27,3.9,181
23400878129,2026-06-27,3.9,181
23400878129,2026-06-27,3.9,183
23400878129,2026-06-27,3.9,183
23400878129,2026-06-27,3.9,183
23400878129,2026-06-27,3.9,183
23400878129,2026-06-27,3.9,182
23400878129,2026-06-27,3.9,182
23400878129,2026-06-27,3.9,182
23400878129,2026-06-27,3.9,182
23400878129,2026-06-27,3.9,182
23400878129,2026-06-27,3.9,182
23400878129,2026-06-27,3.9,183
23400878129,2026-06-27,3.9,183
23400878129,2026-06-27,3.9,184
23400878129,2026-06-27,3.9,184
23400878129,2026-06-27,3.9,183
23400878129,2026-06-27,3.9,183
23400878129,2026-06-27,3.9,183
23400878129,2026-06-27,3.9,183
23400878129,2026-06-27,3.9,183
23400878129,2026-06-27,3.9,183
23400878129,2026-06-27,3.9,183
23400878129,2026-06-27,3.9,183
23400878129,2026-06-27,3.9,183
23400878129,2026-06-27,3.9,184
23400878129,2026-06-27,3.9,183
23400878129,2026-06-27,3.9,184
23400878129,2026-06-27,3.9,184
23400878129,2026-06-27,3.9,184
23400878129,2026-06-27,3.9,184
23400878129,2026-06-27,3.9,184
23400878129,2026-06-27,3.9,184
23400878129,2026-06-27,3.9,183
23400878129,2026-06-27,4.0,183
23400878129,2026-06-27,4.0,183
23400878129,2026-06-27,4.0,183
23400878129,2026-06-27,4.0,183
23400878129,2026-06-27,4.0,183
23400878129,2026-06-27,4.0,182
23400878129,2026-06-27,4.0,183
23400878129,2026-06-27,4.0,182
23400878129,2026-06-27,4.0,183
23400878129,2026-06-27,4.0,182
23400878129,2026-06-27,4.0,181
23400878129,2026-06-27,4.0,181
23400878129,2026-06-27,4.0,180
23400878129,2026-06-27,4.0,180
23400878129,2026-06-27,4.0,182
23400878129,2026-06-27,4.0,182
23400878129,2026-06-27,4.0,182
23400878129,2026-06-27,4.0,183
23400878129,2026-06-27,4.0,182
23400878129,2026-06-27,4.0,182
23400878129,2026-06-27,4.0,182
23400878129,2026-06-27,4.0,182
23400878129,2026-06-27,4.0,182
23400878129,2026-06-27,4.0,182
23400878129,2026-06-27,4.0,182
23400878129,2026-06-27,4.0,182
23400878129,2026-06-27,4.0,181
23400878129,2026-06-27,4.0,181
23400878129,2026-06-27,4.0,180
23400878129,2026-06-27,4.0,181
23400878129,2026-06-27,4.0,181
23400878129,2026-06-27,4.0,180
23400878129,2026-06-27,4.0,180
23400878129,2026-06-27,4.0,180
23400878129,2026-06-27,4.1,179
23400878129,2026-06-27,4.1,179
23400878129,2026-06-27,4.1,179
23400878129,2026-06-27,4.1,179
23400878129,2026-06-27,4.1,179
23400878129,2026-06-27,4.1,178
23400878129,2026-06-27,4.1,179
23400878129,2026-06-27,4.1,178
23400878129,2026-06-27,4.1,178
23400878129,2026-06-27,4.1,179
23400878129,2026-06-27,4.1,179
23400878129,2026-06-27,4.1,179
23400878129,2026-06-27,4.1,179
23400878129,2026-06-27,4.1,179
23400878129,2026-06-27,4.1,179
23400878129,2026-06-27,4.1,180
23400878129,2026-06-27,4.1,179
23400878129,2026-06-27,4.1,181
23400878129,2026-06-27,4.1,180
23400878129,2026-06-27,4.1,180
23400878129,2026-06-27,4.1,179
23400878129,2026-06-27,4.1,179
23400878129,2026-06-27,4.1,178
23400878129,2026-06-27,4.1,178
23400878129,2026-06-27,4.1,178
23400878129,2026-06-27,4.1,176
23400878129,2026-06-27,4.1,175
23400878129,2026-06-27,4.1,173
23400878129,2026-06-27,4.1,172
23400878129,2026-06-27,4.1,172
23400878129,2026-06-27,4.1,170
23400878129,2026-06-27,4.1,170
23400878129,2026-06-27,4.1,169
23400878129,2026-06-27,4.1,169
23400878129,2026-06-27,4.1,169
23400878129,2026-06-27,4.2,168
23400878129,2026-06-27,4.2,165
23400878129,2026-06-27,4.3,138
23400878129,2026-06-27,4.3,136
23400878129,2026-06-27,4.3,135
23400878129,2026-06-27,4.3,138
23400878129,2026-06-27,4.3,141
23400878129,2026-06-27,4.3,144
23400878129,2026-06-27,4.3,147
23400878129,2026-06-27,4.3,150
23400878129,2026-06-27,4.3,154
23400878129,2026-06-27,4.3,155
23400878129,2026-06-27,4.3,157
23400878129,2026-06-27,4.3,160
23400878129,2026-06-27,4.3,162
23400878129,2026-06-27,4.3,165
23400878129,2026-06-27,4.3,166
23400878129,2026-06-27,4.3,167
23400878129,2026-06-27,4.3,168
23400878129,2026-06-27,4.4,168
23400878129,2026-06-27,4.4,169
23400878129,2026-06-27,4.4,170
23400878129,2026-06-27,4.4,170
23400878129,2026-06-27,4.4,172
23400878129,2026-06-27,4.4,174
23400878129,2026-06-27,4.4,175
23400878129,2026-06-27,4.4,175
23400878129,2026-06-27,4.4,176
23400878129,2026-06-27,4.4,177
23400878129,2026-06-27,4.4,178
23400878129,2026-06-27,4.4,177
23400878129,2026-06-27,4.4,177
23400878129,2026-06-27,4.4,177
23400878129,2026-06-27,4.4,177
23400878129,2026-06-27,4.4,176
23400878129,2026-06-27,4.4,177
23400878129,2026-06-27,4.4,176
23400878129,2026-06-27,4.4,176
23400878129,2026-06-27,4.4,177
23400878129,2026-06-27,4.4,177
23400878129,2026-06-27,4.4,177
23400878129,2026-06-27,4.4,177
23400878129,2026-06-27,4.4,176
23400878129,2026-06-27,4.4,176
23400878129,2026-06-27,4.4,177
23400878129,2026-06-27,4.4,178
23400878129,2026-06-27,4.4,177
23400878129,2026-06-27,4.4,178
23400878129,2026-06-27,4.4,177
23400878129,2026-06-27,4.4,178
23400878129,2026-06-27,4.4,176
23400878129,2026-06-27,4.4,176
23400878129,2026-06-27,4.5,176
23400878129,2026-06-27,4.5,175
23400878129,2026-06-27,4.5,175
23400878129,2026-06-27,4.5,175
23400878129,2026-06-27,4.5,174
23400878129,2026-06-27,4.5,175
23400878129,2026-06-27,4.5,174
23400878129,2026-06-27,4.5,173
23400878129,2026-06-27,4.5,173
23400878129,2026-06-27,4.5,174
23400878129,2026-06-27,4.5,173
23400878129,2026-06-27,4.5,173
23400878129,2026-06-27,4.5,173
23400878129,2026-06-27,4.5,172
23400878129,2026-06-27,4.5,172
23400878129,2026-06-27,4.5,172
23400878129,2026-06-27,4.5,171
23400878129,2026-06-27,4.5,172
23400878129,2026-06-27,4.5,171
23400878129,2026-06-27,4.5,170
23400878129,2026-06-27,4.5,171
23400878129,2026-06-27,4.5,169
23400878129,2026-06-27,4.5,169
23400878129,2026-06-27,4.5,169
23400878129,2026-06-27,4.5,168
23400878129,2026-06-27,4.5,167
23400878129,2026-06-27,4.5,168
23400878129,2026-06-27,4.5,169
23400878129,2026-06-27,4.5,170
23400878129,2026-06-27,4.5,169
23400878129,2026-06-27,4.5,168
23400878129,2026-06-27,4.5,168
23400878129,2026-06-27,4.5,169
23400878129,2026-06-27,4.6,169
23400878129,2026-06-27,4.6,169
23400878129,2026-06-27,4.6,171
23400878129,2026-06-27,4.6,171
23400878129,2026-06-27,4.6,171
23400878129,2026-06-27,4.6,170
23400878129,2026-06-27,4.6,169
23400878129,2026-06-27,4.6,169
23400878129,2026-06-27,4.6,169
23400878129,2026-06-27,4.6,170
23400878129,2026-06-27,4.6,171
23400878129,2026-06-27,4.6,172
23400878129,2026-06-27,4.6,172
23400878129,2026-06-27,4.6,171
23400878129,2026-06-27,4.6,172
23400878129,2026-06-27,4.6,173
23400878129,2026-06-27,4.6,172
23400878129,2026-06-27,4.6,173
23400878129,2026-06-27,4.6,173
23400878129,2026-06-27,4.6,174
23400878129,2026-06-27,4.6,175
23400878129,2026-06-27,4.6,175
23400878129,2026-06-27,4.6,175
23400878129,2026-06-27,4.6,174
23400878129,2026-06-27,4.6,174
23400878129,2026-06-27,4.6,173
23400878129,2026-06-27,4.6,173
23400878129,2026-06-27,4.6,172
23400878129,2026-06-27,4.6,172
23400878129,2026-06-27,4.6,172
23400878129,2026-06-27,4.6,173
23400878129,2026-06-27,4.6,172
23400878129,2026-06-27,4.6,173
23400878129,2026-06-27,4.7,172
23400878129,2026-06-27,4.7,170
23400878129,2026-06-27,4.7,171
23400878129,2026-06-27,4.7,169
23400878129,2026-06-27,4.7,169
23400878129,2026-06-27,4.7,169
23400878129,2026-06-27,4.7,170
23400878129,2026-06-27,4.7,171
23400878129,2026-06-27,4.7,169
23400878129,2026-06-27,4.7,169
23400878129,2026-06-27,4.7,168
23400878129,2026-06-27,4.7,168
23400878129,2026-06-27,4.7,166
23400878129,2026-06-27,4.7,166
23400878129,2026-06-27,4.7,167
23400878129,2026-06-27,4.7,167
23400878129,2026-06-27,4.7,167
23400878129,2026-06-27,4.7,168
23400878129,2026-06-27,4.7,167
23400878129,2026-06-27,4.7,166
23400878129,2026-06-27,4.7,166
23400878129,2026-06-27,4.7,167
23400878129,2026-06-27,4.7,166
23400878129,2026-06-27,4.7,166
23400878129,2026-06-27,4.7,166
23400878129,2026-06-27,4.7,166
23400878129,2026-06-27,4.7,165
23400878129,2026-06-27,4.7,164
23400878129,2026-06-27,4.7,164
23400878129,2026-06-27,4.7,164
23400878129,2026-06-27,4.7,165
23400878129,2026-06-27,4.7,165
23400878129,2026-06-27,4.7,165
23400878129,2026-06-27,4.7,165
23400878129,2026-06-27,4.7,167
23400878129,2026-06-27,4.8,167
23400878129,2026-06-27,4.8,167
23400878129,2026-06-27,4.8,168
23400878129,2026-06-27,4.8,169
23400878129,2026-06-27,4.8,168
23400878129,2026-06-27,4.8,168
23400878129,2026-06-27,4.8,168
23400878129,2026-06-27,4.8,168
